{
  "ppo_leader": {
    "return": -749.0993468585907,
    "episode_volume": 11294930.135284968,
    "liquidity_floor": 0.0,
    "final_liquidity": 0.0,
    "mean_liquidity": 149535.641536543,
    "low_liquidity_steps": 158.67857142857142,
    "max_drawdown": 0.9501811250712011,
    "final_token_price": 0.19979249149939463,
    "mean_action_oscillation": 0.0386244459851168,
    "total_unmet_demand": 10125384.043254983
  },
  "static_1_to_3": {
    "return": -946.7058617644424,
    "episode_volume": 9033333.829309681,
    "liquidity_floor": 0.0,
    "final_liquidity": 0.0,
    "mean_liquidity": 48773.78367900835,
    "low_liquidity_steps": 214.9857142857143,
    "max_drawdown": 0.9611222960858137,
    "final_token_price": 0.05040693884061948,
    "mean_action_oscillation": 5.9523891347150026e-05,
    "total_unmet_demand": 15265583.484755265
  },
  "ppo_vs_static_delta_pct": {
    "episode_volume": 25.036120093749656,
    "liquidity_floor": 0.0,
    "mean_liquidity": 206.59020124555423,
    "low_liquidity_steps": 26.191109043790295,
    "max_drawdown": 1.1383744877390378,
    "total_unmet_demand": 33.67181769785257
  }
}