{
  "ppo_leader": {
    "return": -749.757438340283,
    "episode_volume": 11399564.42474999,
    "liquidity_floor": 0.0,
    "final_liquidity": 0.0,
    "mean_liquidity": 161320.7011405439,
    "low_liquidity_steps": 158.82857142857142,
    "max_drawdown": 0.9467513988584058,
    "final_token_price": 0.4264766880752731,
    "mean_action_oscillation": 0.008369804312693602,
    "total_unmet_demand": 9641079.368063698
  },
  "static_1_to_3": {
    "return": -946.7058409759276,
    "episode_volume": 9033334.54514588,
    "liquidity_floor": 0.0,
    "final_liquidity": 0.0,
    "mean_liquidity": 48773.79969278717,
    "low_liquidity_steps": 214.9857142857143,
    "max_drawdown": 0.961122296058865,
    "final_token_price": 0.050406938888987285,
    "mean_action_oscillation": 5.952429048539629e-05,
    "total_unmet_demand": 15265582.768919064
  },
  "ppo_vs_static_delta_pct": {
    "episode_volume": 26.19442319752919,
    "liquidity_floor": 0.0,
    "mean_liquidity": 230.75278562806034,
    "low_liquidity_steps": 26.12133696591136,
    "max_drawdown": 1.4952204583524813,
    "total_unmet_demand": 36.844341195456565
  }
}