{
  "ppo_leader": {
    "return": -782.6398124349247,
    "episode_volume": 11262482.22075325,
    "liquidity_floor": 0.0,
    "final_liquidity": 0.0,
    "mean_liquidity": 138858.5057297375,
    "low_liquidity_steps": 163.46428571428572,
    "max_drawdown": 0.9576141032923796,
    "final_token_price": 0.10035248930343872,
    "mean_action_oscillation": 0.04492492126628048,
    "total_unmet_demand": 10483808.560305221
  },
  "static_1_to_3": {
    "return": -946.7058409759276,
    "episode_volume": 9033334.54514588,
    "liquidity_floor": 0.0,
    "final_liquidity": 0.0,
    "mean_liquidity": 48773.79969278717,
    "low_liquidity_steps": 214.9857142857143,
    "max_drawdown": 0.961122296058865,
    "final_token_price": 0.050406938888987285,
    "mean_action_oscillation": 5.952429048539629e-05,
    "total_unmet_demand": 15265582.768919064
  },
  "ppo_vs_static_delta_pct": {
    "episode_volume": 24.676908227706644,
    "liquidity_floor": 0.0,
    "mean_liquidity": 184.69897076784923,
    "low_liquidity_steps": 23.965047511462554,
    "max_drawdown": 0.36501002847097963,
    "total_unmet_demand": 31.32388904503273
  }
}