{
  "ppo_leader": {
    "return": -280.0045617995412,
    "episode_volume": 10932717.32902295,
    "liquidity_floor": 0.0,
    "final_liquidity": 0.0,
    "mean_liquidity": 113516.34921386231,
    "low_liquidity_steps": 184.68571428571428,
    "max_drawdown": 0.9630840115775905,
    "final_token_price": 0.05053992951055914,
    "mean_action_oscillation": 0.02276600783230083,
    "total_unmet_demand": 13722060.003448455
  },
  "static_1_to_3": {
    "return": -317.9888972060485,
    "episode_volume": 9065361.334480742,
    "liquidity_floor": 0.0,
    "final_liquidity": 0.0,
    "mean_liquidity": 47789.92699080748,
    "low_liquidity_steps": 214.2,
    "max_drawdown": 0.9619140936620858,
    "final_token_price": 0.05061694912904532,
    "mean_action_oscillation": 5.9523669603679835e-05,
    "total_unmet_demand": 15249370.150139386
  },
  "ppo_vs_static_delta_pct": {
    "episode_volume": 20.59880379439027,
    "liquidity_floor": 0.0,
    "mean_liquidity": 137.53195780294348,
    "low_liquidity_steps": 13.778844871281843,
    "max_drawdown": -0.1216239499153941,
    "total_unmet_demand": 10.015562161936053
  }
}