{
  "ppo_leader": {
    "return": -729.6509666139368,
    "episode_volume": 11315080.934135478,
    "liquidity_floor": 0.0,
    "final_liquidity": 0.0,
    "mean_liquidity": 162042.94879800643,
    "low_liquidity_steps": 155.75714285714287,
    "max_drawdown": 0.9435891715450679,
    "final_token_price": 0.4887132742400488,
    "mean_action_oscillation": 0.0334175572010721,
    "total_unmet_demand": 9898166.883209875
  },
  "static_1_to_3": {
    "return": -946.7058409759276,
    "episode_volume": 9033334.54514588,
    "liquidity_floor": 0.0,
    "final_liquidity": 0.0,
    "mean_liquidity": 48773.79969278717,
    "low_liquidity_steps": 214.9857142857143,
    "max_drawdown": 0.961122296058865,
    "final_token_price": 0.050406938888987285,
    "mean_action_oscillation": 5.952429048539629e-05,
    "total_unmet_demand": 15265582.768919064
  },
  "ppo_vs_static_delta_pct": {
    "episode_volume": 25.259181729472296,
    "liquidity_floor": 0.0,
    "mean_liquidity": 232.23359635433505,
    "low_liquidity_steps": 27.5500033224799,
    "max_drawdown": 1.8242345001975935,
    "total_unmet_demand": 35.16024227150582
  }
}