{
  "ppo_leader": {
    "return": -764.5472553311099,
    "episode_volume": 11306633.619092613,
    "liquidity_floor": 0.0,
    "final_liquidity": 0.0,
    "mean_liquidity": 128006.16818194586,
    "low_liquidity_steps": 163.15714285714284,
    "max_drawdown": 0.9581002459785338,
    "final_token_price": 0.07549625775842372,
    "mean_action_oscillation": 0.043432669122641605,
    "total_unmet_demand": 10161240.778163878
  },
  "static_1_to_3": {
    "return": -946.7058409759276,
    "episode_volume": 9033334.54514588,
    "liquidity_floor": 0.0,
    "final_liquidity": 0.0,
    "mean_liquidity": 48773.79969278717,
    "low_liquidity_steps": 214.9857142857143,
    "max_drawdown": 0.961122296058865,
    "final_token_price": 0.050406938888987285,
    "mean_action_oscillation": 5.952429048539629e-05,
    "total_unmet_demand": 15265582.768919064
  },
  "ppo_vs_static_delta_pct": {
    "episode_volume": 25.16566902936529,
    "liquidity_floor": 0.0,
    "mean_liquidity": 162.44862813277152,
    "low_liquidity_steps": 24.10791414711942,
    "max_drawdown": 0.3144292971584644,
    "total_unmet_demand": 33.43692846857898
  }
}