{
  "ppo_leader": {
    "return": -2428.520353893405,
    "episode_volume": 10802095.81901175,
    "liquidity_floor": 0.0,
    "final_liquidity": 0.0,
    "mean_liquidity": 85336.39484473929,
    "low_liquidity_steps": 188.1642857142857,
    "max_drawdown": 0.9613129301657283,
    "final_token_price": 0.05057099223227809,
    "mean_action_oscillation": 0.043732898141781974,
    "total_unmet_demand": 13885500.808875166
  },
  "static_1_to_3": {
    "return": -2483.4962854441424,
    "episode_volume": 9033334.54514588,
    "liquidity_floor": 0.0,
    "final_liquidity": 0.0,
    "mean_liquidity": 48773.79969278717,
    "low_liquidity_steps": 214.9857142857143,
    "max_drawdown": 0.961122296058865,
    "final_token_price": 0.050406938888987285,
    "mean_action_oscillation": 5.952429048539629e-05,
    "total_unmet_demand": 15265582.768919064
  },
  "ppo_vs_static_delta_pct": {
    "episode_volume": 19.580380478837956,
    "liquidity_floor": 0.0,
    "mean_liquidity": 74.963598042904,
    "low_liquidity_steps": 12.47591202073228,
    "max_drawdown": -0.01983453173908971,
    "total_unmet_demand": 9.040480019234927
  }
}