{
  "normal": {
    "ppo_leader": {
      "return": -893.1531516703228,
      "episode_volume": 11255081.627487997,
      "liquidity_floor": 0.0,
      "final_liquidity": 0.0,
      "mean_liquidity": 58778.044722540726,
      "low_liquidity_steps": 184.0,
      "max_drawdown": 0.9615471214054511,
      "final_token_price": 0.05055757438127991,
      "mean_action_oscillation": 0.02773857147844865,
      "total_unmet_demand": 12390991.94247887
    },
    "static_1_to_3": {
      "return": -945.260827294004,
      "episode_volume": 9103310.644759145,
      "liquidity_floor": 0.0,
      "final_liquidity": 0.0,
      "mean_liquidity": 23978.047955810787,
      "low_liquidity_steps": 219.5,
      "max_drawdown": 0.9613357564649163,
      "final_token_price": 0.05039294878699639,
      "mean_action_oscillation": 5.952429048539626e-05,
      "total_unmet_demand": 14164750.452603769
    },
    "ppo_vs_static_delta_pct": {
      "episode_volume": 23.637235580526358,
      "mean_liquidity": 145.13273487009013,
      "low_liquidity_steps": 16.173120728929383,
      "max_drawdown": -0.02198658888045496,
      "total_unmet_demand": 12.522342105920028
    }
  },
  "cloudy_supply_drop": {
    "ppo_leader": {
      "return": -922.9435866954375,
      "episode_volume": 9840868.62750882,
      "liquidity_floor": 0.0,
      "final_liquidity": 0.0,
      "mean_liquidity": 49569.00068093113,
      "low_liquidity_steps": 214.0,
      "max_drawdown": 0.9615530842465423,
      "final_token_price": 0.050557574462282005,
      "mean_action_oscillation": 0.0260491083511581,
      "total_unmet_demand": 13805083.437346425
    },
    "static_1_to_3": {
      "return": -970.1515452264446,
      "episode_volume": 7954050.95547647,
      "liquidity_floor": 0.0,
      "final_liquidity": 0.0,
      "mean_liquidity": 21018.17959347217,
      "low_liquidity_steps": 241.15,
      "max_drawdown": 0.9613357564649163,
      "final_token_price": 0.05039294878699639,
      "mean_action_oscillation": 5.952429048539626e-05,
      "total_unmet_demand": 15314010.141886443
    },
    "ppo_vs_static_delta_pct": {
      "episode_volume": 23.721468250505104,
      "mean_liquidity": 135.83869602259122,
      "low_liquidity_steps": 11.258552767986732,
      "max_drawdown": -0.02260685511429917,
      "total_unmet_demand": 9.853243471563628
    }
  },
  "factory_demand_spike": {
    "ppo_leader": {
      "return": -917.3828771222024,
      "episode_volume": 11264887.866629308,
      "liquidity_floor": 0.0,
      "final_liquidity": 0.0,
      "mean_liquidity": 49241.0280240781,
      "low_liquidity_steps": 214.3,
      "max_drawdown": 0.959818572594618,
      "final_token_price": 0.05063983547315515,
      "mean_action_oscillation": 0.027113481891293693,
      "total_unmet_demand": 18783348.480510518
    },
    "static_1_to_3": {
      "return": -964.1436762708557,
      "episode_volume": 9103310.644759145,
      "liquidity_floor": 0.0,
      "final_liquidity": 0.0,
      "mean_liquidity": 21018.17959347217,
      "low_liquidity_steps": 241.15,
      "max_drawdown": 0.9595264233316081,
      "final_token_price": 0.05048788575971182,
      "mean_action_oscillation": 5.952429048539626e-05,
      "total_unmet_demand": 20464505.96173618
    },
    "ppo_vs_static_delta_pct": {
      "episode_volume": 23.744957260297408,
      "mean_liquidity": 134.2782723170345,
      "low_liquidity_steps": 11.134148869997924,
      "max_drawdown": -0.030447234792714557,
      "total_unmet_demand": 8.214991773410175
    }
  },
  "oversupply": {
    "ppo_leader": {
      "return": -844.0148103262034,
      "episode_volume": 13035260.657692363,
      "liquidity_floor": 0.0,
      "final_liquidity": 0.0,
      "mean_liquidity": 231430.12261594093,
      "low_liquidity_steps": 136.6,
      "max_drawdown": 0.9620822974296998,
      "final_token_price": 0.05053628168921385,
      "mean_action_oscillation": 0.03956663351276898,
      "total_unmet_demand": 8974738.186630197
    },
    "static_1_to_3": {
      "return": -894.0269783423288,
      "episode_volume": 10951569.600888336,
      "liquidity_floor": 0.0,
      "final_liquidity": 0.0,
      "mean_liquidity": 135983.18177951503,
      "low_liquidity_steps": 170.75,
      "max_drawdown": 0.9619533605365334,
      "final_token_price": 0.05036639822319838,
      "mean_action_oscillation": 5.952429048539626e-05,
      "total_unmet_demand": 10728536.164818568
    },
    "ppo_vs_static_delta_pct": {
      "episode_volume": 19.026414776517598,
      "mean_liquidity": 70.19025410891243,
      "low_liquidity_steps": 20.000000000000004,
      "max_drawdown": -0.01340365328049616,
      "total_unmet_demand": 16.347038880658236
    }
  },
  "demand_collapse": {
    "ppo_leader": {
      "return": -874.9878190388621,
      "episode_volume": 10976920.97770543,
      "liquidity_floor": 0.0,
      "final_liquidity": 0.0,
      "mean_liquidity": 152206.4547502081,
      "low_liquidity_steps": 141.1,
      "max_drawdown": 0.9629041451714407,
      "final_token_price": 0.050497383059989374,
      "mean_action_oscillation": 0.037712153083183604,
      "total_unmet_demand": 9209384.950238155
    },
    "static_1_to_3": {
      "return": -924.2218329391623,
      "episode_volume": 9103310.644759145,
      "liquidity_floor": 0.0,
      "final_liquidity": 0.0,
      "mean_liquidity": 94422.78137795709,
      "low_liquidity_steps": 171.7,
      "max_drawdown": 0.9627597128509734,
      "final_token_price": 0.05031741569680798,
      "mean_action_oscillation": 5.952429048539626e-05,
      "total_unmet_demand": 10765519.322178062
    },
    "ppo_vs_static_delta_pct": {
      "episode_volume": 20.581636791939417,
      "mean_liquidity": 61.19674990398086,
      "low_liquidity_steps": 17.82178217821782,
      "max_drawdown": -0.015001907385555905,
      "total_unmet_demand": 14.454800789165017
    }
  },
  "token_volatility": {
    "ppo_leader": {
      "return": -893.1440765378868,
      "episode_volume": 11255468.243177656,
      "liquidity_floor": 0.0,
      "final_liquidity": 0.0,
      "mean_liquidity": 58780.23865830373,
      "low_liquidity_steps": 184.0,
      "max_drawdown": 0.9615471214054511,
      "final_token_price": 0.05055757438127991,
      "mean_action_oscillation": 0.027732082013324628,
      "total_unmet_demand": 12390605.326789211
    },
    "static_1_to_3": {
      "return": -945.260827294004,
      "episode_volume": 9103310.644759145,
      "liquidity_floor": 0.0,
      "final_liquidity": 0.0,
      "mean_liquidity": 23978.047955810787,
      "low_liquidity_steps": 219.5,
      "max_drawdown": 0.9613357564649163,
      "final_token_price": 0.05039294878699639,
      "mean_action_oscillation": 5.952429048539626e-05,
      "total_unmet_demand": 14164750.452603769
    },
    "ppo_vs_static_delta_pct": {
      "episode_volume": 23.641482559507374,
      "mean_liquidity": 145.1418846381073,
      "low_liquidity_steps": 16.173120728929383,
      "max_drawdown": -0.02198658888045496,
      "total_unmet_demand": 12.525071527034443
    }
  },
  "mixed_shock": {
    "ppo_leader": {
      "return": -940.5830421267058,
      "episode_volume": 9791169.50639962,
      "liquidity_floor": 0.0,
      "final_liquidity": 0.0,
      "mean_liquidity": 49550.919704213426,
      "low_liquidity_steps": 214.0,
      "max_drawdown": 0.9599096998574301,
      "final_token_price": 0.050651103854675306,
      "mean_action_oscillation": 0.026092301842497057,
      "total_unmet_demand": 19854148.530200817
    },
    "static_1_to_3": {
      "return": -983.8751994646931,
      "episode_volume": 7914478.680619793,
      "liquidity_floor": 0.0,
      "final_liquidity": 0.0,
      "mean_liquidity": 21018.17959347217,
      "low_liquidity_steps": 241.15,
      "max_drawdown": 0.9596093062981919,
      "final_token_price": 0.050498026182203705,
      "mean_action_oscillation": 5.952429048539626e-05,
      "total_unmet_demand": 21257006.886606663
    },