{
  "ppo_leader": {
    "return": -898.0299090739458,
    "episode_volume": 11059951.0723716,
    "liquidity_floor": 0.0,
    "final_liquidity": 0.0,
    "mean_liquidity": 92793.68702231659,
    "low_liquidity_steps": 184.0,
    "max_drawdown": 0.9613374345872334,
    "final_token_price": 0.050571046757410774,
    "mean_action_oscillation": 0.03028633316752496,
    "total_unmet_demand": 13629757.264884884
  },
  "static_1_to_3": {
    "return": -946.7058409759276,
    "episode_volume": 9033334.54514588,
    "liquidity_floor": 0.0,
    "final_liquidity": 0.0,
    "mean_liquidity": 48773.79969278717,
    "low_liquidity_steps": 214.9857142857143,
    "max_drawdown": 0.961122296058865,
    "final_token_price": 0.050406938888987285,
    "mean_action_oscillation": 5.952429048539629e-05,
    "total_unmet_demand": 15265582.768919064
  },
  "ppo_vs_static_delta_pct": {
    "episode_volume": 22.434866295467103,
    "liquidity_floor": 0.0,
    "mean_liquidity": 90.25314329988366,
    "low_liquidity_steps": 14.412917801847302,
    "max_drawdown": -0.022384095057475576,
    "total_unmet_demand": 10.715775013612603
  }
}