{
  "ppo_leader": {
    "return": -1788.962313475851,
    "episode_volume": 10953583.330633292,
    "liquidity_floor": 0.0,
    "final_liquidity": 0.0,
    "mean_liquidity": 92345.68440621119,
    "low_liquidity_steps": 185.17857142857142,
    "max_drawdown": 0.9613181070284175,
    "final_token_price": 0.05057091737085268,
    "mean_action_oscillation": 0.04421810342813929,
    "total_unmet_demand": 13727601.68587329
  },
  "static_1_to_3": {
    "return": -1841.701496160162,
    "episode_volume": 9033334.54514588,
    "liquidity_floor": 0.0,
    "final_liquidity": 0.0,
    "mean_liquidity": 48773.79969278717,
    "low_liquidity_steps": 214.9857142857143,
    "max_drawdown": 0.961122296058865,
    "final_token_price": 0.050406938888987285,
    "mean_action_oscillation": 5.952429048539629e-05,
    "total_unmet_demand": 15265582.768919064
  },
  "ppo_vs_static_delta_pct": {
    "episode_volume": 21.257363777358048,
    "liquidity_floor": 0.0,
    "mean_liquidity": 89.33461200044164,
    "low_liquidity_steps": 13.864708618512868,
    "max_drawdown": -0.020373158582980593,
    "total_unmet_demand": 10.07482718692616
  }
}