{
  "ppo_leader": {
    "return": -816.5718827183064,
    "episode_volume": 11399123.07991064,
    "liquidity_floor": 0.0,
    "final_liquidity": 0.0,
    "mean_liquidity": 133928.14132318128,
    "low_liquidity_steps": 171.60714285714286,
    "max_drawdown": 0.9605189412258913,
    "final_token_price": 0.0829957143584053,
    "mean_action_oscillation": 0.018083362350162356,
    "total_unmet_demand": 10699438.100827353
  },
  "static_1_to_3": {
    "return": -946.7058409759276,
    "episode_volume": 9033334.54514588,
    "liquidity_floor": 0.0,
    "final_liquidity": 0.0,
    "mean_liquidity": 48773.79969278717,
    "low_liquidity_steps": 214.9857142857143,
    "max_drawdown": 0.961122296058865,
    "final_token_price": 0.050406938888987285,
    "mean_action_oscillation": 5.952429048539629e-05,
    "total_unmet_demand": 15265582.768919064
  },
  "ppo_vs_static_delta_pct": {
    "episode_volume": 26.189537461955627,
    "liquidity_floor": 0.0,
    "mean_liquidity": 174.5903377771632,
    "low_liquidity_steps": 20.17742042660642,
    "max_drawdown": 0.0627760728731172,
    "total_unmet_demand": 29.911368188238736
  }
}