{
  "ppo_leader": {
    "return": -851.0683161114937,
    "episode_volume": 11175347.243190348,
    "liquidity_floor": 0.0,
    "final_liquidity": 0.0,
    "mean_liquidity": 115697.51324644749,
    "low_liquidity_steps": 175.62142857142857,
    "max_drawdown": 0.9624127601783976,
    "final_token_price": 0.05120354672467085,
    "mean_action_oscillation": 0.05138853985159644,
    "total_unmet_demand": 11656886.196998194
  },
  "static_1_to_3": {
    "return": -946.7058409759276,
    "episode_volume": 9033334.54514588,
    "liquidity_floor": 0.0,
    "final_liquidity": 0.0,
    "mean_liquidity": 48773.79969278717,
    "low_liquidity_steps": 214.9857142857143,
    "max_drawdown": 0.961122296058865,
    "final_token_price": 0.050406938888987285,
    "mean_action_oscillation": 5.952429048539629e-05,
    "total_unmet_demand": 15265582.768919064
  },
  "ppo_vs_static_delta_pct": {
    "episode_volume": 23.712314509546108,
    "liquidity_floor": 0.0,
    "mean_liquidity": 137.21242547268102,
    "low_liquidity_steps": 18.31018672337033,
    "max_drawdown": -0.1342663805453496,
    "total_unmet_demand": 23.639428815441136
  }
}