{
  "ppo_leader": {
    "return": -837.836513550675,
    "episode_volume": 11380196.841932898,
    "liquidity_floor": 0.0,
    "final_liquidity": 0.0,
    "mean_liquidity": 123000.37601922471,
    "low_liquidity_steps": 176.12142857142857,
    "max_drawdown": 0.9615519245479496,
    "final_token_price": 0.05593914155980969,
    "mean_action_oscillation": 0.021490140452959723,
    "total_unmet_demand": 11245063.906944396
  },
  "static_1_to_3": {
    "return": -946.7058409759276,
    "episode_volume": 9033334.54514588,
    "liquidity_floor": 0.0,
    "final_liquidity": 0.0,
    "mean_liquidity": 48773.79969278717,
    "low_liquidity_steps": 214.9857142857143,
    "max_drawdown": 0.961122296058865,
    "final_token_price": 0.050406938888987285,
    "mean_action_oscillation": 5.952429048539629e-05,
    "total_unmet_demand": 15265582.768919064
  },
  "ppo_vs_static_delta_pct": {
    "episode_volume": 25.98002194049283,
    "liquidity_floor": 0.0,
    "mean_liquidity": 152.18534703871845,
    "low_liquidity_steps": 18.077613130440568,
    "max_drawdown": -0.04470070987285189,
    "total_unmet_demand": 26.337146264474747
  }
}