{
  "ppo_leader": {
    "return": -820.6958341319399,
    "episode_volume": 11342633.983631894,
    "liquidity_floor": 0.0,
    "final_liquidity": 0.0,
    "mean_liquidity": 116265.33763522719,
    "low_liquidity_steps": 173.09285714285716,
    "max_drawdown": 0.9613524023017167,
    "final_token_price": 0.05765185188951489,
    "mean_action_oscillation": 0.03204360508565957,
    "total_unmet_demand": 10794338.085221604
  },
  "static_1_to_3": {
    "return": -946.7058409759276,
    "episode_volume": 9033334.54514588,
    "liquidity_floor": 0.0,
    "final_liquidity": 0.0,
    "mean_liquidity": 48773.79969278717,
    "low_liquidity_steps": 214.9857142857143,
    "max_drawdown": 0.961122296058865,
    "final_token_price": 0.050406938888987285,
    "mean_action_oscillation": 5.952429048539629e-05,
    "total_unmet_demand": 15265582.768919064
  },
  "ppo_vs_static_delta_pct": {
    "episode_volume": 25.56419699663321,
    "liquidity_floor": 0.0,
    "mean_liquidity": 138.37662508877872,
    "low_liquidity_steps": 19.48634460761512,
    "max_drawdown": -0.02394141138908693,
    "total_unmet_demand": 29.289708433542256
  }
}