{
  "ppo_leader": {
    "return": -875.239227082664,
    "episode_volume": 11383015.546342405,
    "liquidity_floor": 0.0,
    "final_liquidity": 0.0,
    "mean_liquidity": 112092.31742863882,
    "low_liquidity_steps": 180.22142857142856,
    "max_drawdown": 0.9613817725282333,
    "final_token_price": 0.0505722830070565,
    "mean_action_oscillation": 0.008704475444388479,
    "total_unmet_demand": 13006206.521576421
  },
  "static_1_to_3": {
    "return": -946.7058409759276,
    "episode_volume": 9033334.54514588,
    "liquidity_floor": 0.0,
    "final_liquidity": 0.0,
    "mean_liquidity": 48773.79969278717,
    "low_liquidity_steps": 214.9857142857143,
    "max_drawdown": 0.961122296058865,
    "final_token_price": 0.050406938888987285,
    "mean_action_oscillation": 5.952429048539629e-05,
    "total_unmet_demand": 15265582.768919064
  },
  "ppo_vs_static_delta_pct": {
    "episode_volume": 26.011225306153865,
    "liquidity_floor": 0.0,
    "mean_liquidity": 129.82076060236784,
    "low_liquidity_steps": 16.170509668416514,
    "max_drawdown": -0.026997237545346758,
    "total_unmet_demand": 14.800458531742159
  }
}