{
  "ppo_leader": {
    "return": -873.1384662952548,
    "episode_volume": 11251420.635871068,
    "liquidity_floor": 0.0,
    "final_liquidity": 0.0,
    "mean_liquidity": 108561.54789724354,
    "low_liquidity_steps": 180.94285714285715,
    "max_drawdown": 0.9613479206830082,
    "final_token_price": 0.05057651642451782,
    "mean_action_oscillation": 0.041836099345350784,
    "total_unmet_demand": 12527840.637168938
  },
  "static_1_to_3": {
    "return": -946.7058409759276,
    "episode_volume": 9033334.54514588,
    "liquidity_floor": 0.0,
    "final_liquidity": 0.0,
    "mean_liquidity": 48773.79969278717,
    "low_liquidity_steps": 214.9857142857143,
    "max_drawdown": 0.961122296058865,
    "final_token_price": 0.050406938888987285,
    "mean_action_oscillation": 5.952429048539629e-05,
    "total_unmet_demand": 15265582.768919064
  },
  "ppo_vs_static_delta_pct": {
    "episode_volume": 24.554455274958123,
    "liquidity_floor": 0.0,
    "mean_liquidity": 122.5816905409114,
    "low_liquidity_steps": 15.83493919861785,
    "max_drawdown": -0.023475121227382108,
    "total_unmet_demand": 17.934082001272863
  }
}