{
  "ppo_leader": {
    "return": -801.8256694785882,
    "episode_volume": 11387278.31270885,
    "liquidity_floor": 0.0,
    "final_liquidity": 0.0,
    "mean_liquidity": 128431.73558540248,
    "low_liquidity_steps": 169.42857142857142,
    "max_drawdown": 0.9594376710598319,
    "final_token_price": 0.07998335498245157,
    "mean_action_oscillation": 0.019501713797499272,
    "total_unmet_demand": 10373547.567916932
  },
  "static_1_to_3": {
    "return": -946.7058409759276,
    "episode_volume": 9033334.54514588,
    "liquidity_floor": 0.0,
    "final_liquidity": 0.0,
    "mean_liquidity": 48773.79969278717,
    "low_liquidity_steps": 214.9857142857143,
    "max_drawdown": 0.961122296058865,
    "final_token_price": 0.050406938888987285,
    "mean_action_oscillation": 5.952429048539629e-05,
    "total_unmet_demand": 15265582.768919064
  },
  "ppo_vs_static_delta_pct": {
    "episode_volume": 26.058414595392964,
    "liquidity_floor": 0.0,
    "mean_liquidity": 163.3211609396005,
    "low_liquidity_steps": 21.190776795800396,
    "max_drawdown": 0.17527686184588576,
    "total_unmet_demand": 32.04617390016962
  }
}