{
  "ppo_leader": {
    "return": -841.2579833712082,
    "episode_volume": 11214701.994829215,
    "liquidity_floor": 0.0,
    "final_liquidity": 0.0,
    "mean_liquidity": 123517.02718389955,
    "low_liquidity_steps": 173.37142857142857,
    "max_drawdown": 0.9620073682023348,
    "final_token_price": 0.05478409972963324,
    "mean_action_oscillation": 0.04752956551972626,
    "total_unmet_demand": 11360486.740449637
  },
  "static_1_to_3": {
    "return": -946.7058409759276,
    "episode_volume": 9033334.54514588,
    "liquidity_floor": 0.0,
    "final_liquidity": 0.0,
    "mean_liquidity": 48773.79969278717,
    "low_liquidity_steps": 214.9857142857143,
    "max_drawdown": 0.961122296058865,
    "final_token_price": 0.050406938888987285,
    "mean_action_oscillation": 5.952429048539629e-05,
    "total_unmet_demand": 15265582.768919064
  },
  "ppo_vs_static_delta_pct": {
    "episode_volume": 24.147975908359406,
    "liquidity_floor": 0.0,
    "mean_liquidity": 153.2446271602777,
    "low_liquidity_steps": 19.35676789155426,
    "max_drawdown": -0.09208735944416913,
    "total_unmet_demand": 25.581047822296412
  }
}