{
  "ppo_leader": {
    "return": -874.1624987868395,
    "episode_volume": 11285150.357372062,
    "liquidity_floor": 0.0,
    "final_liquidity": 0.0,
    "mean_liquidity": 108861.19188136437,
    "low_liquidity_steps": 178.17857142857142,
    "max_drawdown": 0.961344723334506,
    "final_token_price": 0.05075797145832718,
    "mean_action_oscillation": 0.02784290154307757,
    "total_unmet_demand": 12654835.627690583
  },
  "static_1_to_3": {
    "return": -946.7058409759276,
    "episode_volume": 9033334.54514588,
    "liquidity_floor": 0.0,
    "final_liquidity": 0.0,
    "mean_liquidity": 48773.79969278717,
    "low_liquidity_steps": 214.9857142857143,
    "max_drawdown": 0.961122296058865,
    "final_token_price": 0.050406938888987285,
    "mean_action_oscillation": 5.952429048539629e-05,
    "total_unmet_demand": 15265582.768919064
  },
  "ppo_vs_static_delta_pct": {
    "episode_volume": 24.927846975801526,
    "liquidity_floor": 0.0,
    "mean_liquidity": 123.19604494021637,
    "low_liquidity_steps": 17.120738919529547,
    "max_drawdown": -0.02314245300032164,
    "total_unmet_demand": 17.10217802194881
  }
}