{
  "ppo_leader": {
    "return": -1108.5711990710608,
    "episode_volume": 2655901.1351393927,
    "liquidity_floor": 0.0,
    "final_liquidity": 0.0,
    "mean_liquidity": 1733.7143155536019,
    "low_liquidity_steps": 329.0,
    "max_drawdown": 0.9604879379495053,
    "final_token_price": 0.05036564948872386,
    "mean_action_oscillation": 0.007022670432657062,
    "total_unmet_demand": 23537413.25803642
  },
  "static_1_to_3": {
    "return": -969.1431901935027,
    "episode_volume": 8494294.483119033,
    "liquidity_floor": 0.0,
    "final_liquidity": 0.0,
    "mean_liquidity": 23937.849298798854,
    "low_liquidity_steps": 229.5,
    "max_drawdown": 0.9654683072904119,
    "final_token_price": 0.0513830608411118,
    "mean_action_oscillation": 5.952429048539627e-05,
    "total_unmet_demand": 17356926.85970685
  },
  "ppo_vs_static_delta_pct": {
    "episode_volume": -68.73311679483747,
    "liquidity_floor": 0.0,
    "mean_liquidity": -92.75743491441983,
    "low_liquidity_steps": -43.35511982570806,
    "max_drawdown": 0.5158501116296643,
    "total_unmet_demand": -35.608183685311424
  }
}