{
  "ppo_leader": {
    "return": -878.0537677340533,
    "episode_volume": 11375109.863381833,
    "liquidity_floor": 0.0,
    "final_liquidity": 0.0,
    "mean_liquidity": 111164.34159199074,
    "low_liquidity_steps": 179.81428571428572,
    "max_drawdown": 0.9613770810523354,
    "final_token_price": 0.050601661803336,
    "mean_action_oscillation": 0.008586321020971703,
    "total_unmet_demand": 13143739.87604329
  },
  "static_1_to_3": {
    "return": -946.7058409759276,
    "episode_volume": 9033334.54514588,
    "liquidity_floor": 0.0,
    "final_liquidity": 0.0,
    "mean_liquidity": 48773.79969278717,
    "low_liquidity_steps": 214.9857142857143,
    "max_drawdown": 0.961122296058865,
    "final_token_price": 0.050406938888987285,
    "mean_action_oscillation": 5.952429048539629e-05,
    "total_unmet_demand": 15265582.768919064
  },
  "ppo_vs_static_delta_pct": {
    "episode_volume": 25.923708532352762,
    "liquidity_floor": 0.0,
    "mean_liquidity": 127.91814927724421,
    "low_liquidity_steps": 16.359891022659315,
    "max_drawdown": -0.026509112785665763,
    "total_unmet_demand": 13.89952106640747
  }
}