{
  "ppo_leader": {
    "return": -1195.4586918186692,
    "episode_volume": 11217109.612436213,
    "liquidity_floor": 0.0,
    "final_liquidity": 0.0,
    "mean_liquidity": 108679.13595191698,
    "low_liquidity_steps": 180.70714285714286,
    "max_drawdown": 0.9616050370582304,
    "final_token_price": 0.05058379375459192,
    "mean_action_oscillation": 0.04807529572250216,
    "total_unmet_demand": 12586581.51327013
  },
  "static_1_to_3": {
    "return": -1277.2231810724224,
    "episode_volume": 9033334.54514588,
    "liquidity_floor": 0.0,
    "final_liquidity": 0.0,
    "mean_liquidity": 48773.79969278717,
    "low_liquidity_steps": 214.9857142857143,
    "max_drawdown": 0.961122296058865,
    "final_token_price": 0.050406938888987285,
    "mean_action_oscillation": 5.952429048539629e-05,
    "total_unmet_demand": 15265582.768919064
  },
  "ppo_vs_static_delta_pct": {
    "episode_volume": 24.174628498219384,
    "liquidity_floor": 0.0,
    "mean_liquidity": 122.82277910775282,
    "low_liquidity_steps": 15.944581035284742,
    "max_drawdown": -0.050226802701894585,
    "total_unmet_demand": 17.549289117893466
  }
}