{
  "ppo_leader": {
    "return": -774.434426166881,
    "episode_volume": 11281744.63986931,
    "liquidity_floor": 0.0,
    "final_liquidity": 0.0,
    "mean_liquidity": 150359.98428564778,
    "low_liquidity_steps": 161.05,
    "max_drawdown": 0.9530698260654743,
    "final_token_price": 0.16000777174586003,
    "mean_action_oscillation": 0.019442270655507358,
    "total_unmet_demand": 10324821.474979443
  },
  "static_1_to_3": {
    "return": -946.7058617644424,
    "episode_volume": 9033333.829309681,
    "liquidity_floor": 0.0,
    "final_liquidity": 0.0,
    "mean_liquidity": 48773.78367900835,
    "low_liquidity_steps": 214.9857142857143,
    "max_drawdown": 0.9611222960858137,
    "final_token_price": 0.05040693884061948,
    "mean_action_oscillation": 5.9523891347150026e-05,
    "total_unmet_demand": 15265583.484755265
  },
  "ppo_vs_static_delta_pct": {
    "episode_volume": 24.890155207863607,
    "liquidity_floor": 0.0,
    "mean_liquidity": 208.28033616420228,
    "low_liquidity_steps": 25.088045717323407,
    "max_drawdown": 0.8378195005082278,
    "total_unmet_demand": 32.365366281019234
  }
}