{
  "ppo_leader": {
    "return": -1311.9461995056129,
    "episode_volume": 11135404.165105635,
    "liquidity_floor": 0.0,
    "final_liquidity": 0.0,
    "mean_liquidity": 104139.4137633167,
    "low_liquidity_steps": 182.17857142857142,
    "max_drawdown": 0.9613437537121046,
    "final_token_price": 0.05057219646076699,
    "mean_action_oscillation": 0.04400786565180635,
    "total_unmet_demand": 13086297.464079931
  },
  "static_1_to_3": {
    "return": -1380.982330801584,
    "episode_volume": 9033334.54514588,
    "liquidity_floor": 0.0,
    "final_liquidity": 0.0,
    "mean_liquidity": 48773.79969278717,
    "low_liquidity_steps": 214.9857142857143,
    "max_drawdown": 0.961122296058865,
    "final_token_price": 0.050406938888987285,
    "mean_action_oscillation": 5.952429048539629e-05,
    "total_unmet_demand": 15265582.768919064
  },
  "ppo_vs_static_delta_pct": {
    "episode_volume": 23.270140272722607,
    "liquidity_floor": 0.0,
    "mean_liquidity": 113.51507247592436,
    "low_liquidity_steps": 15.260150176091445,
    "max_drawdown": -0.023041568606581426,
    "total_unmet_demand": 14.275808122282676
  }
}