{
  "ppo_leader": {
    "return": -895.6828131528961,
    "episode_volume": 11103490.161066907,
    "liquidity_floor": 0.0,
    "final_liquidity": 0.0,
    "mean_liquidity": 98316.84536484441,
    "low_liquidity_steps": 183.21428571428572,
    "max_drawdown": 0.9613375953995043,
    "final_token_price": 0.05057103485143154,
    "mean_action_oscillation": 0.037594466101765874,
    "total_unmet_demand": 13582367.832531894
  },
  "static_1_to_3": {
    "return": -946.7058409759276,
    "episode_volume": 9033334.54514588,
    "liquidity_floor": 0.0,
    "final_liquidity": 0.0,
    "mean_liquidity": 48773.79969278717,
    "low_liquidity_steps": 214.9857142857143,
    "max_drawdown": 0.961122296058865,
    "final_token_price": 0.050406938888987285,
    "mean_action_oscillation": 5.952429048539629e-05,
    "total_unmet_demand": 15265582.768919064
  },
  "ppo_vs_static_delta_pct": {
    "episode_volume": 22.916848762492002,
    "liquidity_floor": 0.0,
    "mean_liquidity": 101.57717049751166,
    "low_liquidity_steps": 14.778390590736926,
    "max_drawdown": -0.022400826775332127,
    "total_unmet_demand": 11.026208182593715
  }
}