{
  "ppo_leader": {
    "return": -835.6027550697471,
    "episode_volume": 11380915.907058274,
    "liquidity_floor": 0.0,
    "final_liquidity": 0.0,
    "mean_liquidity": 123561.10774810667,
    "low_liquidity_steps": 175.74285714285713,
    "max_drawdown": 0.9614956699373082,
    "final_token_price": 0.05726480487283753,
    "mean_action_oscillation": 0.021308101308894982,
    "total_unmet_demand": 11159719.551001348
  },
  "static_1_to_3": {
    "return": -946.7058409759276,
    "episode_volume": 9033334.54514588,
    "liquidity_floor": 0.0,
    "final_liquidity": 0.0,
    "mean_liquidity": 48773.79969278717,
    "low_liquidity_steps": 214.9857142857143,
    "max_drawdown": 0.961122296058865,
    "final_token_price": 0.050406938888987285,
    "mean_action_oscillation": 5.952429048539629e-05,
    "total_unmet_demand": 15265582.768919064
  },
  "ppo_vs_static_delta_pct": {
    "episode_volume": 25.987982069964204,
    "liquidity_floor": 0.0,
    "mean_liquidity": 153.33500470823333,
    "low_liquidity_steps": 18.25370456508739,
    "max_drawdown": -0.03884769711140839,
    "total_unmet_demand": 26.89621012227132
  }
}