{
  "ppo_leader": {
    "return": -877.9762460299678,
    "episode_volume": 11377877.965810338,
    "liquidity_floor": 0.0,
    "final_liquidity": 0.0,
    "mean_liquidity": 111503.92405757525,
    "low_liquidity_steps": 179.82142857142858,
    "max_drawdown": 0.9613800268387357,
    "final_token_price": 0.050598549973114436,
    "mean_action_oscillation": 0.00799033309299175,
    "total_unmet_demand": 13145566.030325012
  },
  "static_1_to_3": {
    "return": -946.7058409759276,
    "episode_volume": 9033334.54514588,
    "liquidity_floor": 0.0,
    "final_liquidity": 0.0,
    "mean_liquidity": 48773.79969278717,
    "low_liquidity_steps": 214.9857142857143,
    "max_drawdown": 0.961122296058865,
    "final_token_price": 0.050406938888987285,
    "mean_action_oscillation": 5.952429048539629e-05,
    "total_unmet_demand": 15265582.768919064
  },
  "ppo_vs_static_delta_pct": {
    "episode_volume": 25.95435172855757,
    "liquidity_floor": 0.0,
    "mean_liquidity": 128.61438879051454,
    "low_liquidity_steps": 16.356568542760314,
    "max_drawdown": -0.026815607225794146,
    "total_unmet_demand": 13.887558507824771
  }
}