{
  "ppo_leader": {
    "return": -898.8411263849354,
    "episode_volume": 11043421.436995588,
    "liquidity_floor": 0.0,
    "final_liquidity": 0.0,
    "mean_liquidity": 94080.46069397777,
    "low_liquidity_steps": 184.14285714285714,
    "max_drawdown": 0.9613531956498077,
    "final_token_price": 0.05057104175791819,
    "mean_action_oscillation": 0.03454837810914331,
    "total_unmet_demand": 13645369.68237414
  },
  "static_1_to_3": {
    "return": -946.7058409759276,
    "episode_volume": 9033334.54514588,
    "liquidity_floor": 0.0,
    "final_liquidity": 0.0,
    "mean_liquidity": 48773.79969278717,
    "low_liquidity_steps": 214.9857142857143,
    "max_drawdown": 0.961122296058865,
    "final_token_price": 0.050406938888987285,
    "mean_action_oscillation": 5.952429048539629e-05,
    "total_unmet_demand": 15265582.768919064
  },
  "ppo_vs_static_delta_pct": {
    "episode_volume": 22.251881426552956,
    "liquidity_floor": 0.0,
    "mean_liquidity": 92.89139104717054,
    "low_liquidity_steps": 14.346468203867373,
    "max_drawdown": -0.02402395531656136,
    "total_unmet_demand": 10.613503009159267
  }
}