{
  "ppo_leader": {
    "return": -770.4197459675835,
    "episode_volume": 11251691.85426414,
    "liquidity_floor": 0.0,
    "final_liquidity": 0.0,
    "mean_liquidity": 144304.0739116503,
    "low_liquidity_steps": 161.69285714285715,
    "max_drawdown": 0.9548121590313605,
    "final_token_price": 0.13680939398621708,
    "mean_action_oscillation": 0.03495918687891356,
    "total_unmet_demand": 10340586.617213756
  },
  "static_1_to_3": {
    "return": -946.7058617644424,
    "episode_volume": 9033333.829309681,
    "liquidity_floor": 0.0,
    "final_liquidity": 0.0,
    "mean_liquidity": 48773.78367900835,
    "low_liquidity_steps": 214.9857142857143,
    "max_drawdown": 0.9611222960858137,
    "final_token_price": 0.05040693884061948,
    "mean_action_oscillation": 5.9523891347150026e-05,
    "total_unmet_demand": 15265583.484755265
  },
  "ppo_vs_static_delta_pct": {
    "episode_volume": 24.557467562604,
    "liquidity_floor": 0.0,
    "mean_liquidity": 195.86401346540814,
    "low_liquidity_steps": 24.789022526413717,
    "max_drawdown": 0.6565384114125012,
    "total_unmet_demand": 32.26209382995271
  }
}