{
  "ppo_leader": {
    "return": -729.1722534028067,
    "episode_volume": 11344031.22931073,
    "liquidity_floor": 0.0,
    "final_liquidity": 0.0,
    "mean_liquidity": 143524.10722653172,
    "low_liquidity_steps": 157.04285714285714,
    "max_drawdown": 0.9484104374393281,
    "final_token_price": 0.16432664173517336,
    "mean_action_oscillation": 0.059451598902386986,
    "total_unmet_demand": 9524495.519656293
  },
  "static_1_to_3": {
    "return": -946.7058409759276,
    "episode_volume": 9033334.54514588,
    "liquidity_floor": 0.0,
    "final_liquidity": 0.0,
    "mean_liquidity": 48773.79969278717,
    "low_liquidity_steps": 214.9857142857143,
    "max_drawdown": 0.961122296058865,
    "final_token_price": 0.050406938888987285,
    "mean_action_oscillation": 5.952429048539629e-05,
    "total_unmet_demand": 15265582.768919064
  },
  "ppo_vs_static_delta_pct": {
    "episode_volume": 25.579664658899606,
    "liquidity_floor": 0.0,
    "mean_liquidity": 194.26476536696103,
    "low_liquidity_steps": 26.95195694066051,
    "max_drawdown": 1.322605736196384,
    "total_unmet_demand": 37.60804507870936
  }
}