{
  "ppo_leader": {
    "return": -760.2191636917653,
    "episode_volume": 11314276.56109934,
    "liquidity_floor": 0.0,
    "final_liquidity": 0.0,
    "mean_liquidity": 129095.15888290782,
    "low_liquidity_steps": 162.52142857142857,
    "max_drawdown": 0.9571799686074659,
    "final_token_price": 0.07899998757533937,
    "mean_action_oscillation": 0.04139441945532389,
    "total_unmet_demand": 10061486.649142018
  },
  "static_1_to_3": {
    "return": -946.7058409759276,
    "episode_volume": 9033334.54514588,
    "liquidity_floor": 0.0,
    "final_liquidity": 0.0,
    "mean_liquidity": 48773.79969278717,
    "low_liquidity_steps": 214.9857142857143,
    "max_drawdown": 0.961122296058865,
    "final_token_price": 0.050406938888987285,
    "mean_action_oscillation": 5.952429048539629e-05,
    "total_unmet_demand": 15265582.768919064
  },
  "ppo_vs_static_delta_pct": {
    "episode_volume": 25.250277232111785,
    "liquidity_floor": 0.0,
    "mean_liquidity": 164.68136519205584,
    "low_liquidity_steps": 24.403614858130112,
    "max_drawdown": 0.41017958563284185,
    "total_unmet_demand": 34.09038618802459
  }
}