{
  "ppo_leader": {
    "return": -726.18226522161,
    "episode_volume": 11364268.856861973,
    "liquidity_floor": 0.0,
    "final_liquidity": 0.0,
    "mean_liquidity": 165936.3227828808,
    "low_liquidity_steps": 155.37857142857143,
    "max_drawdown": 0.9428314283533443,
    "final_token_price": 0.4801953493461776,
    "mean_action_oscillation": 0.030432117324702856,
    "total_unmet_demand": 9653567.34366228
  },
  "static_1_to_3": {
    "return": -946.7058409759276,
    "episode_volume": 9033334.54514588,
    "liquidity_floor": 0.0,
    "final_liquidity": 0.0,
    "mean_liquidity": 48773.79969278717,
    "low_liquidity_steps": 214.9857142857143,
    "max_drawdown": 0.961122296058865,
    "final_token_price": 0.050406938888987285,
    "mean_action_oscillation": 5.952429048539629e-05,
    "total_unmet_demand": 15265582.768919064
  },
  "ppo_vs_static_delta_pct": {
    "episode_volume": 25.803697406165867,
    "liquidity_floor": 0.0,
    "mean_liquidity": 240.216107475875,
    "low_liquidity_steps": 27.72609475712672,
    "max_drawdown": 1.9030739147893456,
    "total_unmet_demand": 36.762536420705295
  }
}