{
  "ppo_leader": {
    "return": -875.5674773969109,
    "episode_volume": 11379785.939180931,
    "liquidity_floor": 0.0,
    "final_liquidity": 0.0,
    "mean_liquidity": 111480.99642834648,
    "low_liquidity_steps": 180.25714285714287,
    "max_drawdown": 0.9613802600566578,
    "final_token_price": 0.05057213262766567,
    "mean_action_oscillation": 0.00896180637634552,
    "total_unmet_demand": 13023835.194082994
  },
  "static_1_to_3": {
    "return": -946.7058409759276,
    "episode_volume": 9033334.54514588,
    "liquidity_floor": 0.0,
    "final_liquidity": 0.0,
    "mean_liquidity": 48773.79969278717,
    "low_liquidity_steps": 214.9857142857143,
    "max_drawdown": 0.961122296058865,
    "final_token_price": 0.050406938888987285,
    "mean_action_oscillation": 5.952429048539629e-05,
    "total_unmet_demand": 15265582.768919064
  },
  "ppo_vs_static_delta_pct": {
    "episode_volume": 25.97547320215137,
    "liquidity_floor": 0.0,
    "mean_liquidity": 128.56738070549105,
    "low_liquidity_steps": 16.153897268921522,
    "max_drawdown": -0.02683987239194852,
    "total_unmet_demand": 14.684978678968605
  }
}