{
  "normal": {
    "ppo_leader": {
      "return": -908.7234651229224,
      "episode_volume": 10794894.643895429,
      "liquidity_floor": 0.0,
      "final_liquidity": 0.0,
      "mean_liquidity": 54939.29884640656,
      "low_liquidity_steps": 190.5,
      "max_drawdown": 0.9614104999689237,
      "final_token_price": 0.0505326096369473,
      "mean_action_oscillation": 0.06125219891695797,
      "total_unmet_demand": 12547830.572314028
    },
    "static_1_to_3": {
      "return": -945.260827294004,
      "episode_volume": 9103310.644759145,
      "liquidity_floor": 0.0,
      "final_liquidity": 0.0,
      "mean_liquidity": 23978.047955810787,
      "low_liquidity_steps": 219.5,
      "max_drawdown": 0.9613357564649163,
      "final_token_price": 0.05039294878699639,
      "mean_action_oscillation": 5.952429048539626e-05,
      "total_unmet_demand": 14164750.452603769
    },
    "ppo_vs_static_delta_pct": {
      "episode_volume": 18.582074864270876,
      "mean_liquidity": 129.12331707591187,
      "low_liquidity_steps": 13.211845102505695,
      "max_drawdown": -0.007774963482293749,
      "total_unmet_demand": 11.415096126825999
    }
  },
  "cloudy_supply_drop": {
    "ppo_leader": {
      "return": -935.9990926564931,
      "episode_volume": 9485426.913529556,
      "liquidity_floor": 0.0,
      "final_liquidity": 0.0,
      "mean_liquidity": 46714.327100502225,
      "low_liquidity_steps": 218.9,
      "max_drawdown": 0.9614178287451706,
      "final_token_price": 0.05053661492466451,
      "mean_action_oscillation": 0.060370272340062626,
      "total_unmet_demand": 13835484.639320305
    },
    "static_1_to_3": {
      "return": -970.1515452264446,
      "episode_volume": 7954050.95547647,
      "liquidity_floor": 0.0,
      "final_liquidity": 0.0,
      "mean_liquidity": 21018.17959347217,
      "low_liquidity_steps": 241.15,
      "max_drawdown": 0.9613357564649163,
      "final_token_price": 0.05039294878699639,
      "mean_action_oscillation": 5.952429048539626e-05,
      "total_unmet_demand": 15314010.141886443
    },
    "ppo_vs_static_delta_pct": {
      "episode_volume": 19.252780333255384,
      "mean_liquidity": 122.25677011062733,
      "low_liquidity_steps": 9.226622434169604,
      "max_drawdown": -0.008537316926195915,
      "total_unmet_demand": 9.654724587925651
    }
  },
  "factory_demand_spike": {
    "ppo_leader": {
      "return": -931.9654644546611,
      "episode_volume": 10792233.362103282,
      "liquidity_floor": 0.0,
      "final_liquidity": 0.0,
      "mean_liquidity": 45852.72156443405,
      "low_liquidity_steps": 219.8,
      "max_drawdown": 0.9597080295059202,
      "final_token_price": 0.050629792223306616,
      "mean_action_oscillation": 0.060840854210129136,
      "total_unmet_demand": 18784296.593302965
    },
    "static_1_to_3": {
      "return": -964.1436762708557,
      "episode_volume": 9103310.644759145,
      "liquidity_floor": 0.0,
      "final_liquidity": 0.0,
      "mean_liquidity": 21018.17959347217,
      "low_liquidity_steps": 241.15,
      "max_drawdown": 0.9595264233316081,
      "final_token_price": 0.05048788575971182,
      "mean_action_oscillation": 5.952429048539626e-05,
      "total_unmet_demand": 20464505.96173618
    },
    "ppo_vs_static_delta_pct": {
      "episode_volume": 18.552840645029118,
      "mean_liquidity": 118.15743537882317,
      "low_liquidity_steps": 8.853410740203191,
      "max_drawdown": -0.018926646509796356,
      "total_unmet_demand": 8.210358811372293
    }
  },
  "oversupply": {
    "ppo_leader": {
      "return": -866.1037388477176,
      "episode_volume": 12304544.188379243,
      "liquidity_floor": 0.0,
      "final_liquidity": 0.0,
      "mean_liquidity": 181273.473790801,
      "low_liquidity_steps": 147.8,
      "max_drawdown": 0.9619931125747817,
      "final_token_price": 0.05049319057722231,
      "mean_action_oscillation": 0.0641684407554614,
      "total_unmet_demand": 9488165.811945908
    },
    "static_1_to_3": {
      "return": -894.0269783423288,
      "episode_volume": 10951569.600888336,
      "liquidity_floor": 0.0,
      "final_liquidity": 0.0,
      "mean_liquidity": 135983.18177951503,
      "low_liquidity_steps": 170.75,
      "max_drawdown": 0.9619533605365334,
      "final_token_price": 0.05036639822319838,
      "mean_action_oscillation": 5.952429048539626e-05,
      "total_unmet_demand": 10728536.164818568
    },
    "ppo_vs_static_delta_pct": {
      "episode_volume": 12.354161428889249,
      "mean_liquidity": 33.305804010910904,
      "low_liquidity_steps": 13.440702781844797,
      "max_drawdown": -0.004132428855613237,
      "total_unmet_demand": 11.561412794973196
    }
  },
  "demand_collapse": {
    "ppo_leader": {
      "return": -892.6802607692134,
      "episode_volume": 10432787.797470555,
      "liquidity_floor": 0.0,
      "final_liquidity": 0.0,
      "mean_liquidity": 127391.10343267655,
      "low_liquidity_steps": 149.3,
      "max_drawdown": 0.9627584972768929,
      "final_token_price": 0.05042647707120137,
      "mean_action_oscillation": 0.06307601397238645,
      "total_unmet_demand": 9513662.091435662
    },
    "static_1_to_3": {
      "return": -924.2218329391623,
      "episode_volume": 9103310.644759145,
      "liquidity_floor": 0.0,
      "final_liquidity": 0.0,
      "mean_liquidity": 94422.78137795709,
      "low_liquidity_steps": 171.7,
      "max_drawdown": 0.9627597128509734,
      "final_token_price": 0.05031741569680798,
      "mean_action_oscillation": 5.952429048539626e-05,
      "total_unmet_demand": 10765519.322178062
    },
    "ppo_vs_static_delta_pct": {
      "episode_volume": 14.604325883098383,
      "mean_liquidity": 34.91564384526369,
      "low_liquidity_steps": 13.046010483401268,
      "max_drawdown": 0.00012625934220955208,
      "total_unmet_demand": 11.628396116139495
    }
  },
  "token_volatility": {
    "ppo_leader": {
      "return": -908.736724567927,
      "episode_volume": 10794589.405329308,
      "liquidity_floor": 0.0,
      "final_liquidity": 0.0,
      "mean_liquidity": 54936.77105129419,
      "low_liquidity_steps": 190.55,
      "max_drawdown": 0.9614104999689237,
      "final_token_price": 0.0505326096369473,
      "mean_action_oscillation": 0.06127243752642222,
      "total_unmet_demand": 12548705.885723192
    },
    "static_1_to_3": {
      "return": -945.260827294004,
      "episode_volume": 9103310.644759145,
      "liquidity_floor": 0.0,
      "final_liquidity": 0.0,
      "mean_liquidity": 23978.047955810787,
      "low_liquidity_steps": 219.5,
      "max_drawdown": 0.9613357564649163,
      "final_token_price": 0.05039294878699639,
      "mean_action_oscillation": 5.952429048539626e-05,
      "total_unmet_demand": 14164750.452603769
    },
    "ppo_vs_static_delta_pct": {
      "episode_volume": 18.578721814176987,
      "mean_liquidity": 129.11277495372985,
      "low_liquidity_steps": 13.189066059225508,
      "max_drawdown": -0.007774963482293749,
      "total_unmet_demand": 11.408916608082668
    }
  },
  "mixed_shock": {
    "ppo_leader": {
      "return": -953.3787301920387,
      "episode_volume": 9398405.608768499,
      "liquidity_floor": 0.0,
      "final_liquidity": 0.0,
      "mean_liquidity": 46612.30702832355,
      "low_liquidity_steps": 218.85,
      "max_drawdown": 0.9597906657457443,
      "final_token_price": 0.05064340552541169,
      "mean_action_oscillation": 0.06084979278034351,
      "total_unmet_demand": 19735992.583179675
    },
    "static_1_to_3": {
      "return": -983.8751994646931,
      "episode_volume": 7914478.680619793,
      "liquidity_floor": 0.0,
      "final_liquidity": 0.0,
      "mean_liquidity": 21018.17959347217,
      "low_liquidity_steps": 241.15,
      "max_drawdown": 0.9596093062981919,
      "final_token_price": 0.050498026182203705,
      "mean_action_oscillation": 5.952429048539626e-05,
      "total_unmet_demand": 21257006.886606663
    },