{
  "ppo_leader": {
    "return": -734.5772776800534,
    "episode_volume": 11347658.569875166,
    "liquidity_floor": 0.0,
    "final_liquidity": 0.0,
    "mean_liquidity": 173844.32401694288,
    "low_liquidity_steps": 155.3,
    "max_drawdown": 0.9413151438130729,
    "final_token_price": 0.7379325434783803,
    "mean_action_oscillation": 0.0068618014990745645,
    "total_unmet_demand": 9893819.559726926
  },
  "static_1_to_3": {
    "return": -946.7058617644424,
    "episode_volume": 9033333.829309681,
    "liquidity_floor": 0.0,
    "final_liquidity": 0.0,
    "mean_liquidity": 48773.78367900835,
    "low_liquidity_steps": 214.9857142857143,
    "max_drawdown": 0.9611222960858137,
    "final_token_price": 0.05040693884061948,
    "mean_action_oscillation": 5.9523891347150026e-05,
    "total_unmet_demand": 15265583.484755265
  },
  "ppo_vs_static_delta_pct": {
    "episode_volume": 25.61982966971058,
    "liquidity_floor": 0.0,
    "mean_liquidity": 256.4298500215873,
    "low_liquidity_steps": 27.76264203601568,
    "max_drawdown": 2.060835790971214,
    "total_unmet_demand": 35.188723250524724
  }
}