{
  "ppo_leader": {
    "return": -776.0054282319112,
    "episode_volume": 11286366.126701767,
    "liquidity_floor": 0.0,
    "final_liquidity": 0.0,
    "mean_liquidity": 153362.2525228759,
    "low_liquidity_steps": 157.8,
    "max_drawdown": 0.9482601649768445,
    "final_token_price": 0.26036491417160645,
    "mean_action_oscillation": 0.03455143173584952,
    "total_unmet_demand": 10086355.732754823
  },
  "static_1_to_3": {
    "return": -978.8912960110111,
    "episode_volume": 9033334.54514588,
    "liquidity_floor": 0.0,
    "final_liquidity": 0.0,
    "mean_liquidity": 48773.79969278717,
    "low_liquidity_steps": 214.9857142857143,
    "max_drawdown": 0.961122296058865,
    "final_token_price": 0.050406938888987285,
    "mean_action_oscillation": 5.952429048539629e-05,
    "total_unmet_demand": 15265582.768919064
  },
  "ppo_vs_static_delta_pct": {
    "episode_volume": 24.941305675062893,
    "liquidity_floor": 0.0,
    "mean_liquidity": 214.43572879058593,
    "low_liquidity_steps": 26.599774071366866,
    "max_drawdown": 1.3382408393564875,
    "total_unmet_demand": 33.927476694235466
  }
}