{
  "ppo_leader": {
    "return": -774.816435315777,
    "episode_volume": 11277779.617364317,
    "liquidity_floor": 0.0,
    "final_liquidity": 0.0,
    "mean_liquidity": 119243.79785419589,
    "low_liquidity_steps": 164.56428571428572,
    "max_drawdown": 0.9588962567503241,
    "final_token_price": 0.06732465702021491,
    "mean_action_oscillation": 0.03165844847246655,
    "total_unmet_demand": 10069450.4673214
  },
  "static_1_to_3": {
    "return": -946.7058409759276,
    "episode_volume": 9033334.54514588,
    "liquidity_floor": 0.0,
    "final_liquidity": 0.0,
    "mean_liquidity": 48773.79969278717,
    "low_liquidity_steps": 214.9857142857143,
    "max_drawdown": 0.961122296058865,
    "final_token_price": 0.050406938888987285,
    "mean_action_oscillation": 5.952429048539629e-05,
    "total_unmet_demand": 15265582.768919064
  },
  "ppo_vs_static_delta_pct": {
    "episode_volume": 24.84625207891258,
    "liquidity_floor": 0.0,
    "mean_liquidity": 144.4833058020494,
    "low_liquidity_steps": 23.45338560701708,
    "max_drawdown": 0.2316083309760813,
    "total_unmet_demand": 34.038217736286235
  }
}