{
  "ppo_leader": {
    "return": -728.5377434213956,
    "episode_volume": 11399583.640988398,
    "liquidity_floor": 0.0,
    "final_liquidity": 0.0,
    "mean_liquidity": 170121.40630562336,
    "low_liquidity_steps": 155.50714285714287,
    "max_drawdown": 0.9425678084633907,
    "final_token_price": 0.6629652403925103,
    "mean_action_oscillation": 0.004611651918163435,
    "total_unmet_demand": 9444302.620028997
  },
  "static_1_to_3": {
    "return": -946.7058409759276,
    "episode_volume": 9033334.54514588,
    "liquidity_floor": 0.0,
    "final_liquidity": 0.0,
    "mean_liquidity": 48773.79969278717,
    "low_liquidity_steps": 214.9857142857143,
    "max_drawdown": 0.961122296058865,
    "final_token_price": 0.050406938888987285,
    "mean_action_oscillation": 5.952429048539629e-05,
    "total_unmet_demand": 15265582.768919064
  },
  "ppo_vs_static_delta_pct": {
    "episode_volume": 26.194635923387082,
    "liquidity_floor": 0.0,
    "mean_liquidity": 248.796705151478,
    "low_liquidity_steps": 27.66629011894478,
    "max_drawdown": 1.9305022546618666,
    "total_unmet_demand": 38.13336337700958
  }
}