{
  "ppo_leader": {
    "return": -748.4489466898435,
    "episode_volume": 11314800.03312073,
    "liquidity_floor": 0.0,
    "final_liquidity": 0.0,
    "mean_liquidity": 162613.64463397814,
    "low_liquidity_steps": 157.35714285714286,
    "max_drawdown": 0.9454063188195461,
    "final_token_price": 0.39318434126910745,
    "mean_action_oscillation": 0.01173462913702526,
    "total_unmet_demand": 10073841.768681178
  },
  "static_1_to_3": {
    "return": -946.7058409587443,
    "episode_volume": 9033334.54514588,
    "liquidity_floor": 0.0,
    "final_liquidity": 0.0,
    "mean_liquidity": 48773.79969278717,
    "low_liquidity_steps": 214.9857142857143,
    "max_drawdown": 0.9611222960512119,
    "final_token_price": 0.050406938888987285,
    "mean_action_oscillation": 5.952420178800821e-05,
    "total_unmet_demand": 15265582.768919064
  },
  "ppo_vs_static_delta_pct": {
    "episode_volume": 25.256072124560145,
    "liquidity_floor": 0.0,
    "mean_liquidity": 233.4036832443587,
    "low_liquidity_steps": 26.80576782510466,
    "max_drawdown": 1.6351693531858764,
    "total_unmet_demand": 34.00945171125954
  }
}