{
  "ppo_leader": {
    "return": -1090.7762605650748,
    "episode_volume": 3503175.047673625,
    "liquidity_floor": 0.0,
    "final_liquidity": 0.0,
    "mean_liquidity": 3161.469388265364,
    "low_liquidity_steps": 319.57142857142856,
    "max_drawdown": 0.9607128007090904,
    "final_token_price": 0.05033543116510552,
    "mean_action_oscillation": 0.014539970721608314,
    "total_unmet_demand": 20681994.475129075
  },
  "static_1_to_3": {
    "return": -952.2560038660474,
    "episode_volume": 8946580.62631431,
    "liquidity_floor": 0.0,
    "final_liquidity": 0.0,
    "mean_liquidity": 49844.30569783587,
    "low_liquidity_steps": 215.0,
    "max_drawdown": 0.9660902145631936,
    "final_token_price": 0.05118323915097432,
    "mean_action_oscillation": 5.9524290485396284e-05,
    "total_unmet_demand": 14882321.256767642
  },
  "ppo_vs_static_delta_pct": {
    "episode_volume": -60.84341946944689,
    "liquidity_floor": 0.0,
    "mean_liquidity": -93.65731081213028,
    "low_liquidity_steps": -48.637873754152814,
    "max_drawdown": 0.5566161185614027,
    "total_unmet_demand": -38.9702192171404
  }
}