{
  "ppo_leader": {
    "return": -3022.0060612399475,
    "episode_volume": 10730734.98560348,
    "liquidity_floor": 0.0,
    "final_liquidity": 0.0,
    "mean_liquidity": 83725.29681887291,
    "low_liquidity_steps": 188.46428571428572,
    "max_drawdown": 0.9615664754205704,
    "final_token_price": 0.05057096217978765,
    "mean_action_oscillation": 0.04675733055459012,
    "total_unmet_demand": 13917639.358049355
  },
  "static_1_to_3": {
    "return": -3080.1600555669647,
    "episode_volume": 9033334.54514588,
    "liquidity_floor": 0.0,
    "final_liquidity": 0.0,
    "mean_liquidity": 48773.79969278717,
    "low_liquidity_steps": 214.9857142857143,
    "max_drawdown": 0.961122296058865,
    "final_token_price": 0.050406938888987285,
    "mean_action_oscillation": 5.952429048539629e-05,
    "total_unmet_demand": 15265582.768919064
  },
  "ppo_vs_static_delta_pct": {
    "episode_volume": 18.790408259259124,
    "liquidity_floor": 0.0,
    "mean_liquidity": 71.6603941998279,
    "low_liquidity_steps": 12.336367864974417,
    "max_drawdown": -0.046214655879564845,
    "total_unmet_demand": 8.829950557892488
  }
}