{
  "normal": {
    "ppo_leader": {
      "return": -884.6970971358062,
      "episode_volume": 11413799.61615845,
      "liquidity_floor": 0.0,
      "final_liquidity": 0.0,
      "mean_liquidity": 60113.67253092795,
      "low_liquidity_steps": 182.4,
      "max_drawdown": 0.9615412205558107,
      "final_token_price": 0.05055757542336072,
      "mean_action_oscillation": 0.015317564063664014,
      "total_unmet_demand": 12232407.937244168
    },
    "static_1_to_3": {
      "return": -945.260827294004,
      "episode_volume": 9103310.644759145,
      "liquidity_floor": 0.0,
      "final_liquidity": 0.0,
      "mean_liquidity": 23978.047955810787,
      "low_liquidity_steps": 219.5,
      "max_drawdown": 0.9613357564649163,
      "final_token_price": 0.05039294878699639,
      "mean_action_oscillation": 5.952429048539626e-05,
      "total_unmet_demand": 14164750.452603769
    },
    "ppo_vs_static_delta_pct": {
      "episode_volume": 25.380754997408268,
      "mean_liquidity": 150.70294563473894,
      "low_liquidity_steps": 16.902050113895214,
      "max_drawdown": -0.021372771116923497,
      "total_unmet_demand": 13.641910048647537
    }
  },
  "cloudy_supply_drop": {
    "ppo_leader": {
      "return": -915.3830851946257,
      "episode_volume": 9968339.135660145,
      "liquidity_floor": 0.0,
      "final_liquidity": 0.0,
      "mean_liquidity": 50683.632677312744,
      "low_liquidity_steps": 212.8,
      "max_drawdown": 0.9615412976239455,
      "final_token_price": 0.050557575423433844,
      "mean_action_oscillation": 0.013450047505777246,
      "total_unmet_demand": 13677868.417742467
    },
    "static_1_to_3": {
      "return": -970.1515452264446,
      "episode_volume": 7954050.95547647,
      "liquidity_floor": 0.0,
      "final_liquidity": 0.0,
      "mean_liquidity": 21018.17959347217,
      "low_liquidity_steps": 241.15,
      "max_drawdown": 0.9613357564649163,
      "final_token_price": 0.05039294878699639,
      "mean_action_oscillation": 5.952429048539626e-05,
      "total_unmet_demand": 15314010.141886443
    },
    "ppo_vs_static_delta_pct": {
      "episode_volume": 25.3240542644099,
      "mean_liquidity": 141.14187649749684,
      "low_liquidity_steps": 11.756168359941944,
      "max_drawdown": -0.02138078789298166,
      "total_unmet_demand": 10.683953510444976
    }
  },
  "factory_demand_spike": {
    "ppo_leader": {
      "return": -909.1711486938812,
      "episode_volume": 11409940.488657558,
      "liquidity_floor": 0.0,
      "final_liquidity": 0.0,
      "mean_liquidity": 50552.79576904616,
      "low_liquidity_steps": 212.85,
      "max_drawdown": 0.9598126243954399,
      "final_token_price": 0.05063983636312719,
      "mean_action_oscillation": 0.014499867045845438,
      "total_unmet_demand": 18638457.63017475
    },
    "static_1_to_3": {
      "return": -964.1436762708557,
      "episode_volume": 9103310.644759145,
      "liquidity_floor": 0.0,
      "final_liquidity": 0.0,
      "mean_liquidity": 21018.17959347217,
      "low_liquidity_steps": 241.15,
      "max_drawdown": 0.9595264233316081,
      "final_token_price": 0.05048788575971182,
      "mean_action_oscillation": 5.952429048539626e-05,
      "total_unmet_demand": 20464505.96173618
    },
    "ppo_vs_static_delta_pct": {
      "episode_volume": 25.338362425612278,
      "mean_liquidity": 140.51938249089307,
      "low_liquidity_steps": 11.735434376943815,
      "max_drawdown": -0.029827324904517487,
      "total_unmet_demand": 8.923002270251297
    }
  },
  "oversupply": {
    "ppo_leader": {
      "return": -831.500680961726,
      "episode_volume": 13351681.410679068,
      "liquidity_floor": 0.0,
      "final_liquidity": 0.0,
      "mean_liquidity": 259435.16734668604,
      "low_liquidity_steps": 132.35,
      "max_drawdown": 0.9621318232326523,
      "final_token_price": 0.05053628293966837,
      "mean_action_oscillation": 0.028204022661120286,
      "total_unmet_demand": 8673782.769668853
    },
    "static_1_to_3": {
      "return": -894.0269783423288,
      "episode_volume": 10951569.600888336,
      "liquidity_floor": 0.0,
      "final_liquidity": 0.0,
      "mean_liquidity": 135983.18177951503,
      "low_liquidity_steps": 170.75,
      "max_drawdown": 0.9619533605365334,
      "final_token_price": 0.05036639822319838,
      "mean_action_oscillation": 5.952429048539626e-05,
      "total_unmet_demand": 10728536.164818568
    },
    "ppo_vs_static_delta_pct": {
      "episode_volume": 21.915687862642514,
      "mean_liquidity": 90.78474554841476,
      "low_liquidity_steps": 22.489019033674968,
      "max_drawdown": -0.018552115252183105,
      "total_unmet_demand": 19.152225090015005
    }
  },
  "demand_collapse": {
    "ppo_leader": {
      "return": -864.3538746638684,
      "episode_volume": 11225229.628257276,
      "liquidity_floor": 0.0,
      "final_liquidity": 0.0,
      "mean_liquidity": 166133.03717257598,
      "low_liquidity_steps": 138.2,
      "max_drawdown": 0.9628978798401955,
      "final_token_price": 0.050497384810967126,
      "mean_action_oscillation": 0.02639639204061876,
      "total_unmet_demand": 8963711.324400473
    },
    "static_1_to_3": {
      "return": -924.2218329391623,
      "episode_volume": 9103310.644759145,
      "liquidity_floor": 0.0,
      "final_liquidity": 0.0,
      "mean_liquidity": 94422.78137795709,
      "low_liquidity_steps": 171.7,
      "max_drawdown": 0.9627597128509734,
      "final_token_price": 0.05031741569680798,
      "mean_action_oscillation": 5.952429048539626e-05,
      "total_unmet_demand": 10765519.322178062
    },
    "ppo_vs_static_delta_pct": {
      "episode_volume": 23.30931093425598,
      "mean_liquidity": 75.9459261293902,
      "low_liquidity_steps": 19.510774606872452,
      "max_drawdown": -0.014351139477257632,
      "total_unmet_demand": 16.736842356185097
    }
  },
  "token_volatility": {
    "ppo_leader": {
      "return": -884.6942030770039,
      "episode_volume": 11413845.341684068,
      "liquidity_floor": 0.0,
      "final_liquidity": 0.0,
      "mean_liquidity": 60113.81346544255,
      "low_liquidity_steps": 182.4,
      "max_drawdown": 0.9615412205558107,
      "final_token_price": 0.05055757542336072,
      "mean_action_oscillation": 0.01530256200420202,
      "total_unmet_demand": 12232362.211718554
    },
    "static_1_to_3": {
      "return": -945.260827294004,
      "episode_volume": 9103310.644759145,
      "liquidity_floor": 0.0,
      "final_liquidity": 0.0,
      "mean_liquidity": 23978.047955810787,
      "low_liquidity_steps": 219.5,
      "max_drawdown": 0.9613357564649163,
      "final_token_price": 0.05039294878699639,
      "mean_action_oscillation": 5.952429048539626e-05,
      "total_unmet_demand": 14164750.452603769
    },
    "ppo_vs_static_delta_pct": {
      "episode_volume": 25.381257292973057,
      "mean_liquidity": 150.703533399493,
      "low_liquidity_steps": 16.902050113895214,
      "max_drawdown": -0.021372771116923497,
      "total_unmet_demand": 13.642232860727896
    }
  },
  "mixed_shock": {
    "ppo_leader": {
      "return": -933.164641047834,
      "episode_volume": 9916183.378441337,
      "liquidity_floor": 0.0,
      "final_liquidity": 0.0,
      "mean_liquidity": 50666.56781688459,
      "low_liquidity_steps": 212.8,
      "max_drawdown": 0.9598977284333697,
      "final_token_price": 0.05065110463162007,
      "mean_action_oscillation": 0.013503670597173195,
      "total_unmet_demand": 19729439.29351597
    },
    "static_1_to_3": {
      "return": -983.8751994646931,
      "episode_volume": 7914478.680619793,
      "liquidity_floor": 0.0,
      "final_liquidity": 0.0,
      "mean_liquidity": 21018.17959347217,
      "low_liquidity_steps": 241.15,
      "max_drawdown": 0.9596093062981919,
      "final_token_price": 0.050498026182203705,
      "mean_action_oscillation": 5.952429048539626e-05,
      "total_unmet_demand": 21257006.886606663
    },