{
  "normal": {
    "ppo_leader": {
      "return": -882.8373288184863,
      "episode_volume": 11436723.260937765,
      "liquidity_floor": 0.0,
      "final_liquidity": 0.0,
      "mean_liquidity": 60334.151021101905,
      "low_liquidity_steps": 182.3,
      "max_drawdown": 0.9615413835367234,
      "final_token_price": 0.0505575754232135,
      "mean_action_oscillation": 0.014136995424495407,
      "total_unmet_demand": 12209484.292464852
    },
    "static_1_to_3": {
      "return": -945.260827294004,
      "episode_volume": 9103310.644759145,
      "liquidity_floor": 0.0,
      "final_liquidity": 0.0,
      "mean_liquidity": 23978.047955810787,
      "low_liquidity_steps": 219.5,
      "max_drawdown": 0.9613357564649163,
      "final_token_price": 0.05039294878699639,
      "mean_action_oscillation": 5.952429048539626e-05,
      "total_unmet_demand": 14164750.452603769
    },
    "ppo_vs_static_delta_pct": {
      "episode_volume": 25.632571569135525,
      "mean_liquidity": 151.62244704945073,
      "low_liquidity_steps": 16.947608200455576,
      "max_drawdown": -0.02138972470588122,
      "total_unmet_demand": 13.803745902064223
    }
  },
  "cloudy_supply_drop": {
    "ppo_leader": {
      "return": -913.5935440479146,
      "episode_volume": 9990631.717213865,
      "liquidity_floor": 0.0,
      "final_liquidity": 0.0,
      "mean_liquidity": 50895.73328361624,
      "low_liquidity_steps": 212.7,
      "max_drawdown": 0.9615414766264525,
      "final_token_price": 0.0505575754232957,
      "mean_action_oscillation": 0.01252925913786114,
      "total_unmet_demand": 13655575.836188752
    },
    "static_1_to_3": {
      "return": -970.1515452264446,
      "episode_volume": 7954050.95547647,
      "liquidity_floor": 0.0,
      "final_liquidity": 0.0,
      "mean_liquidity": 21018.17959347217,
      "low_liquidity_steps": 241.15,
      "max_drawdown": 0.9613357564649163,
      "final_token_price": 0.05039294878699639,
      "mean_action_oscillation": 5.952429048539626e-05,
      "total_unmet_demand": 15314010.141886443
    },
    "ppo_vs_static_delta_pct": {
      "episode_volume": 25.604321284051895,
      "mean_liquidity": 142.1510057865499,
      "low_liquidity_steps": 11.79763632593822,
      "max_drawdown": -0.02139940807909618,
      "total_unmet_demand": 10.82952336019152
    }
  },
  "factory_demand_spike": {
    "ppo_leader": {
      "return": -907.3582110697489,
      "episode_volume": 11431645.599381551,
      "liquidity_floor": 0.0,
      "final_liquidity": 0.0,
      "mean_liquidity": 50771.853291079475,
      "low_liquidity_steps": 212.7,
      "max_drawdown": 0.9598127698491299,
      "final_token_price": 0.05063983635131906,
      "mean_action_oscillation": 0.013599525737972079,
      "total_unmet_demand": 18616752.519450746
    },
    "static_1_to_3": {
      "return": -964.1436762708557,
      "episode_volume": 9103310.644759145,
      "liquidity_floor": 0.0,
      "final_liquidity": 0.0,
      "mean_liquidity": 21018.17959347217,
      "low_liquidity_steps": 241.15,
      "max_drawdown": 0.9595264233316081,
      "final_token_price": 0.05048788575971182,
      "mean_action_oscillation": 5.952429048539626e-05,
      "total_unmet_demand": 20464505.96173618
    },
    "ppo_vs_static_delta_pct": {
      "episode_volume": 25.57679338299687,
      "mean_liquidity": 141.56161129600494,
      "low_liquidity_steps": 11.79763632593822,
      "max_drawdown": -0.029842483808581472,
      "total_unmet_demand": 9.029064497038425
    }
  },
  "oversupply": {
    "ppo_leader": {
      "return": -827.9486460569742,
      "episode_volume": 13433795.198046435,
      "liquidity_floor": 0.0,
      "final_liquidity": 0.0,
      "mean_liquidity": 269942.4277393416,
      "low_liquidity_steps": 131.4,
      "max_drawdown": 0.9621320694057947,
      "final_token_price": 0.050536282939554,
      "mean_action_oscillation": 0.02570072913172245,
      "total_unmet_demand": 8590744.733261388
    },
    "static_1_to_3": {
      "return": -894.0269783423288,
      "episode_volume": 10951569.600888336,
      "liquidity_floor": 0.0,
      "final_liquidity": 0.0,
      "mean_liquidity": 135983.18177951503,
      "low_liquidity_steps": 170.75,
      "max_drawdown": 0.9619533605365334,
      "final_token_price": 0.05036639822319838,
      "mean_action_oscillation": 5.952429048539626e-05,
      "total_unmet_demand": 10728536.164818568
    },
    "ppo_vs_static_delta_pct": {
      "episode_volume": 22.66547798734487,
      "mean_liquidity": 98.51162784014713,
      "low_liquidity_steps": 23.045387994143482,
      "max_drawdown": -0.01857770621661178,
      "total_unmet_demand": 19.92621732093805
    }
  },
  "demand_collapse": {
    "ppo_leader": {
      "return": -861.470268910206,
      "episode_volume": 11282302.448569154,
      "liquidity_floor": 0.0,
      "final_liquidity": 0.0,
      "mean_liquidity": 170268.26604382924,
      "low_liquidity_steps": 137.6,
      "max_drawdown": 0.9628980395575235,
      "final_token_price": 0.050497384810897404,
      "mean_action_oscillation": 0.023614254747773726,
      "total_unmet_demand": 8908077.608607072
    },
    "static_1_to_3": {
      "return": -924.2218329391623,
      "episode_volume": 9103310.644759145,
      "liquidity_floor": 0.0,
      "final_liquidity": 0.0,
      "mean_liquidity": 94422.78137795709,
      "low_liquidity_steps": 171.7,
      "max_drawdown": 0.9627597128509734,
      "final_token_price": 0.05031741569680798,
      "mean_action_oscillation": 5.952429048539626e-05,
      "total_unmet_demand": 10765519.322178062
    },
    "ppo_vs_static_delta_pct": {
      "episode_volume": 23.936256696507158,
      "mean_liquidity": 80.32540829556437,
      "low_liquidity_steps": 19.86022131624927,
      "max_drawdown": -0.014367729008985846,
      "total_unmet_demand": 17.253619244772253
    }
  },
  "token_volatility": {
    "ppo_leader": {
      "return": -882.8338287143076,
      "episode_volume": 11436741.179583747,
      "liquidity_floor": 0.0,
      "final_liquidity": 0.0,
      "mean_liquidity": 60334.19978775356,
      "low_liquidity_steps": 182.3,
      "max_drawdown": 0.9615413835367234,
      "final_token_price": 0.0505575754232135,
      "mean_action_oscillation": 0.014128321446368577,
      "total_unmet_demand": 12209466.37381887
    },
    "static_1_to_3": {
      "return": -945.260827294004,
      "episode_volume": 9103310.644759145,
      "liquidity_floor": 0.0,
      "final_liquidity": 0.0,
      "mean_liquidity": 23978.047955810787,
      "low_liquidity_steps": 219.5,
      "max_drawdown": 0.9613357564649163,
      "final_token_price": 0.05039294878699639,
      "mean_action_oscillation": 5.952429048539626e-05,
      "total_unmet_demand": 14164750.452603769
    },
    "ppo_vs_static_delta_pct": {
      "episode_volume": 25.632768405722576,
      "mean_liquidity": 151.62265042985828,
      "low_liquidity_steps": 16.947608200455576,
      "max_drawdown": -0.02138972470588122,
      "total_unmet_demand": 13.803872403734985
    }
  },
  "mixed_shock": {
    "ppo_leader": {
      "return": -931.5370397429485,
      "episode_volume": 9936029.416394316,
      "liquidity_floor": 0.0,
      "final_liquidity": 0.0,
      "mean_liquidity": 50863.222998371304,
      "low_liquidity_steps": 212.7,
      "max_drawdown": 0.9599055348365063,
      "final_token_price": 0.05065110461968677,
      "mean_action_oscillation": 0.012949934113889108,
      "total_unmet_demand": 19709593.255562987
    },
    "static_1_to_3": {
      "return": -983.8751994646931,
      "episode_volume": 7914478.680619793,
      "liquidity_floor": 0.0,
      "final_liquidity": 0.0,
      "mean_liquidity": 21018.17959347217,
      "low_liquidity_steps": 241.15,
      "max_drawdown": 0.9596093062981919,
      "final_token_price": 0.050498026182203705,
      "mean_action_oscillation": 5.952429048539626e-05,
      "total_unmet_demand": 21257006.886606663
    },