{
  "ppo_leader": {
    "return": -886.7969810515125,
    "episode_volume": 11278266.974303832,
    "liquidity_floor": 0.0,
    "final_liquidity": 0.0,
    "mean_liquidity": 101915.69345215618,
    "low_liquidity_steps": 181.67142857142858,
    "max_drawdown": 0.9613389510498364,
    "final_token_price": 0.050571047855882845,
    "mean_action_oscillation": 0.016665574248583212,
    "total_unmet_demand": 13414242.08847924
  },
  "static_1_to_3": {
    "return": -946.7058409759276,
    "episode_volume": 9033334.54514588,
    "liquidity_floor": 0.0,
    "final_liquidity": 0.0,
    "mean_liquidity": 48773.79969278717,
    "low_liquidity_steps": 214.9857142857143,
    "max_drawdown": 0.961122296058865,
    "final_token_price": 0.050406938888987285,
    "mean_action_oscillation": 5.952429048539629e-05,
    "total_unmet_demand": 15265582.768919064
  },
  "ppo_vs_static_delta_pct": {
    "episode_volume": 24.85164717346022,
    "liquidity_floor": 0.0,
    "mean_liquidity": 108.95582073591818,
    "low_liquidity_steps": 15.496046248920194,
    "max_drawdown": -0.02254187545744689,
    "total_unmet_demand": 12.127546707284436
  }
}