{
  "ppo_leader": {
    "return": -877.5721381269462,
    "episode_volume": 11380237.54124013,
    "liquidity_floor": 0.0,
    "final_liquidity": 0.0,
    "mean_liquidity": 111963.48152137236,
    "low_liquidity_steps": 179.74285714285713,
    "max_drawdown": 0.96138152599062,
    "final_token_price": 0.05060030547491631,
    "mean_action_oscillation": 0.007735730326771585,
    "total_unmet_demand": 13125616.456546063
  },
  "static_1_to_3": {
    "return": -946.7058409759276,
    "episode_volume": 9033334.54514588,
    "liquidity_floor": 0.0,
    "final_liquidity": 0.0,
    "mean_liquidity": 48773.79969278717,
    "low_liquidity_steps": 214.9857142857143,
    "max_drawdown": 0.961122296058865,
    "final_token_price": 0.050406938888987285,
    "mean_action_oscillation": 5.952429048539629e-05,
    "total_unmet_demand": 15265582.768919064
  },
  "ppo_vs_static_delta_pct": {
    "episode_volume": 25.980472486268898,
    "liquidity_floor": 0.0,
    "mean_liquidity": 129.5566107758668,
    "low_liquidity_steps": 16.393115821649285,
    "max_drawdown": -0.02697158653149189,
    "total_unmet_demand": 14.018241850091709
  }
}