{
  "ppo_leader": {
    "return": -883.01569430533,
    "episode_volume": 11349329.771154681,
    "liquidity_floor": 0.0,
    "final_liquidity": 0.0,
    "mean_liquidity": 107784.15982452265,
    "low_liquidity_steps": 180.8357142857143,
    "max_drawdown": 0.9613586416501483,
    "final_token_price": 0.050571047860317,
    "mean_action_oscillation": 0.010842915654229325,
    "total_unmet_demand": 13344495.88985815
  },
  "static_1_to_3": {
    "return": -946.7058409759276,
    "episode_volume": 9033334.54514588,
    "liquidity_floor": 0.0,
    "final_liquidity": 0.0,
    "mean_liquidity": 48773.79969278717,
    "low_liquidity_steps": 214.9857142857143,
    "max_drawdown": 0.961122296058865,
    "final_token_price": 0.050406938888987285,
    "mean_action_oscillation": 5.952429048539629e-05,
    "total_unmet_demand": 15265582.768919064
  },
  "ppo_vs_static_delta_pct": {
    "episode_volume": 25.63832009579802,
    "liquidity_floor": 0.0,
    "mean_liquidity": 120.98782646303056,
    "low_liquidity_steps": 15.884776397102799,
    "max_drawdown": -0.024590584595989437,
    "total_unmet_demand": 12.58443197446921
  }
}