{
  "ppo_leader": {
    "return": -888.4440080727122,
    "episode_volume": 11250841.066684192,
    "liquidity_floor": 0.0,
    "final_liquidity": 0.0,
    "mean_liquidity": 99578.9554164177,
    "low_liquidity_steps": 181.94285714285715,
    "max_drawdown": 0.9613376997500609,
    "final_token_price": 0.05057104786031291,
    "mean_action_oscillation": 0.01625609626225353,
    "total_unmet_demand": 13441284.474696858
  },
  "static_1_to_3": {
    "return": -946.7058409759276,
    "episode_volume": 9033334.54514588,
    "liquidity_floor": 0.0,
    "final_liquidity": 0.0,
    "mean_liquidity": 48773.79969278717,
    "low_liquidity_steps": 214.9857142857143,
    "max_drawdown": 0.961122296058865,
    "final_token_price": 0.050406938888987285,
    "mean_action_oscillation": 5.952429048539629e-05,
    "total_unmet_demand": 15265582.768919064
  },
  "ppo_vs_static_delta_pct": {
    "episode_volume": 24.548039380761146,
    "liquidity_floor": 0.0,
    "mean_liquidity": 104.16485089051562,
    "low_liquidity_steps": 15.369792012758325,
    "max_drawdown": -0.022411683932331602,
    "total_unmet_demand": 11.950400596146924
  }
}