{
  "ppo_leader": {
    "return": -897.7168472251797,
    "episode_volume": 11047314.573142808,
    "liquidity_floor": 0.0,
    "final_liquidity": 0.0,
    "mean_liquidity": 96541.85434511474,
    "low_liquidity_steps": 183.90714285714284,
    "max_drawdown": 0.9613374184339839,
    "final_token_price": 0.05057108066010472,
    "mean_action_oscillation": 0.04159784224533795,
    "total_unmet_demand": 13576311.24471266
  },
  "static_1_to_3": {
    "return": -946.7058409759276,
    "episode_volume": 9033334.54514588,
    "liquidity_floor": 0.0,
    "final_liquidity": 0.0,
    "mean_liquidity": 48773.79969278717,
    "low_liquidity_steps": 214.9857142857143,
    "max_drawdown": 0.961122296058865,
    "final_token_price": 0.050406938888987285,
    "mean_action_oscillation": 5.952429048539629e-05,
    "total_unmet_demand": 15265582.768919064
  },
  "ppo_vs_static_delta_pct": {
    "episode_volume": 22.294978868895676,
    "liquidity_floor": 0.0,
    "mean_liquidity": 97.9379399456378,
    "low_liquidity_steps": 14.456110040534265,
    "max_drawdown": -0.022382414392113636,
    "total_unmet_demand": 11.065882972026351
  }
}