{
  "ppo_leader": {
    "return": -730.978766039592,
    "episode_volume": 11311642.205083929,
    "liquidity_floor": 0.0,
    "final_liquidity": 0.0,
    "mean_liquidity": 161696.29150534832,
    "low_liquidity_steps": 155.99285714285713,
    "max_drawdown": 0.9437154870250546,
    "final_token_price": 0.470301790009235,
    "mean_action_oscillation": 0.030707777280017723,
    "total_unmet_demand": 9942635.923967438
  },
  "static_1_to_3": {
    "return": -946.7058409587443,
    "episode_volume": 9033334.54514588,
    "liquidity_floor": 0.0,
    "final_liquidity": 0.0,
    "mean_liquidity": 48773.79969278717,
    "low_liquidity_steps": 214.9857142857143,
    "max_drawdown": 0.9611222960512119,
    "final_token_price": 0.050406938888987285,
    "mean_action_oscillation": 5.952420178800821e-05,
    "total_unmet_demand": 15265582.768919064
  },
  "ppo_vs_static_delta_pct": {
    "episode_volume": 25.2211146233072,
    "liquidity_floor": 0.0,
    "mean_liquidity": 231.52285145678425,
    "low_liquidity_steps": 27.44036148581302,
    "max_drawdown": 1.811092001264928,
    "total_unmet_demand": 34.868939663340065
  }
}