{
  "ppo_leader": {
    "return": -728.6754113271537,
    "episode_volume": 11347786.457906907,
    "liquidity_floor": 0.0,
    "final_liquidity": 0.0,
    "mean_liquidity": 145517.91776426515,
    "low_liquidity_steps": 156.87142857142857,
    "max_drawdown": 0.9477864576353913,
    "final_token_price": 0.18596152056830575,
    "mean_action_oscillation": 0.055102945864352666,
    "total_unmet_demand": 9517238.585063856
  },
  "static_1_to_3": {
    "return": -946.7058409759276,
    "episode_volume": 9033334.54514588,
    "liquidity_floor": 0.0,
    "final_liquidity": 0.0,
    "mean_liquidity": 48773.79969278717,
    "low_liquidity_steps": 214.9857142857143,
    "max_drawdown": 0.961122296058865,
    "final_token_price": 0.050406938888987285,
    "mean_action_oscillation": 5.952429048539629e-05,
    "total_unmet_demand": 15265582.768919064
  },
  "ppo_vs_static_delta_pct": {
    "episode_volume": 25.621235449590564,
    "liquidity_floor": 0.0,
    "mean_liquidity": 198.3526374423209,
    "low_liquidity_steps": 27.031696458236432,
    "max_drawdown": 1.3875277348322983,
    "total_unmet_demand": 37.65558295985212
  }
}