{
  "normal": {
    "ppo_leader": {
      "return": -741.2493990240337,
      "episode_volume": 11457474.346797906,
      "liquidity_floor": 0.0,
      "final_liquidity": 0.0,
      "mean_liquidity": 90885.70926838768,
      "low_liquidity_steps": 155.65,
      "max_drawdown": 0.9666740712932519,
      "final_token_price": 0.051051708277316046,
      "mean_action_oscillation": 0.056933340054404515,
      "total_unmet_demand": 8410405.028201237
    },
    "static_1_to_3": {
      "return": -945.260827294004,
      "episode_volume": 9103310.644759145,
      "liquidity_floor": 0.0,
      "final_liquidity": 0.0,
      "mean_liquidity": 23978.047955810787,
      "low_liquidity_steps": 219.5,
      "max_drawdown": 0.9613357564649163,
      "final_token_price": 0.05039294878699639,
      "mean_action_oscillation": 5.952429048539626e-05,
      "total_unmet_demand": 14164750.452603769
    },
    "ppo_vs_static_delta_pct": {
      "episode_volume": 25.86052254949768,
      "mean_liquidity": 279.03714862811694,
      "low_liquidity_steps": 29.088838268792706,
      "max_drawdown": -0.5553018071403025,
      "total_unmet_demand": 40.624403823116886
    }
  },
  "cloudy_supply_drop": {
    "ppo_leader": {
      "return": -793.1135805771512,
      "episode_volume": 10007817.444565268,
      "liquidity_floor": 0.0,
      "final_liquidity": 0.0,
      "mean_liquidity": 75612.91129318853,
      "low_liquidity_steps": 190.85,
      "max_drawdown": 0.9666740712932519,
      "final_token_price": 0.05105170661608245,
      "mean_action_oscillation": 0.04955756140518047,
      "total_unmet_demand": 9860061.93043388
    },
    "static_1_to_3": {
      "return": -970.1515452264446,
      "episode_volume": 7954050.95547647,
      "liquidity_floor": 0.0,
      "final_liquidity": 0.0,
      "mean_liquidity": 21018.17959347217,
      "low_liquidity_steps": 241.15,
      "max_drawdown": 0.9613357564649163,
      "final_token_price": 0.05039294878699639,
      "mean_action_oscillation": 5.952429048539626e-05,
      "total_unmet_demand": 15314010.141886443
    },
    "ppo_vs_static_delta_pct": {
      "episode_volume": 25.82038385955715,
      "mean_liquidity": 259.7500485564049,
      "low_liquidity_steps": 20.85838689612275,
      "max_drawdown": -0.5553018071403025,
      "total_unmet_demand": 35.614108655544634
    }
  },
  "factory_demand_spike": {
    "ppo_leader": {
      "return": -779.4186679814965,
      "episode_volume": 11459001.625743736,
      "liquidity_floor": 0.0,
      "final_liquidity": 0.0,
      "mean_liquidity": 75657.34851408712,
      "low_liquidity_steps": 190.5,
      "max_drawdown": 0.9640811840691151,
      "final_token_price": 0.051048462561444886,
      "mean_action_oscillation": 0.05027191313205376,
      "total_unmet_demand": 13802813.072231516
    },
    "static_1_to_3": {
      "return": -964.1436762708557,
      "episode_volume": 9103310.644759145,
      "liquidity_floor": 0.0,
      "final_liquidity": 0.0,
      "mean_liquidity": 21018.17959347217,
      "low_liquidity_steps": 241.15,
      "max_drawdown": 0.9595264233316081,
      "final_token_price": 0.05048788575971182,
      "mean_action_oscillation": 5.952429048539626e-05,
      "total_unmet_demand": 20464505.96173618
    },
    "ppo_vs_static_delta_pct": {
      "episode_volume": 25.87729973095868,
      "mean_liquidity": 259.9614713425742,
      "low_liquidity_steps": 21.003524777109686,
      "max_drawdown": -0.4746884115699794,
      "total_unmet_demand": 32.552424680861904
    }
  },
  "oversupply": {
    "ppo_leader": {
      "return": -586.2123569569188,
      "episode_volume": 13690958.791669806,
      "liquidity_floor": 0.0,
      "final_liquidity": 0.0,
      "mean_liquidity": 381201.8914185579,
      "low_liquidity_steps": 102.35,
      "max_drawdown": 0.8811721045683267,
      "final_token_price": 0.8801266943963686,
      "mean_action_oscillation": 0.06388029919559642,
      "total_unmet_demand": 5369726.9609964
    },
    "static_1_to_3": {
      "return": -894.0269783423288,
      "episode_volume": 10951569.600888336,
      "liquidity_floor": 0.0,
      "final_liquidity": 0.0,
      "mean_liquidity": 135983.18177951503,
      "low_liquidity_steps": 170.75,
      "max_drawdown": 0.9619533605365334,
      "final_token_price": 0.05036639822319838,
      "mean_action_oscillation": 5.952429048539626e-05,
      "total_unmet_demand": 10728536.164818568
    },
    "ppo_vs_static_delta_pct": {
      "episode_volume": 25.0136673610627,
      "mean_liquidity": 180.33017497461105,
      "low_liquidity_steps": 40.05856515373353,
      "max_drawdown": 8.397627086946352,
      "total_unmet_demand": 49.949118141531585
    }
  },
  "demand_collapse": {
    "ppo_leader": {
      "return": -647.6673988431463,
      "episode_volume": 11397833.007639263,
      "liquidity_floor": 0.0,
      "final_liquidity": 0.0,
      "mean_liquidity": 228775.26171829776,
      "low_liquidity_steps": 111.4,
      "max_drawdown": 0.9250196131052478,
      "final_token_price": 0.16634737920230383,
      "mean_action_oscillation": 0.0632464530097964,
      "total_unmet_demand": 5799883.510019898
    },
    "static_1_to_3": {
      "return": -924.2218329391623,
      "episode_volume": 9103310.644759145,
      "liquidity_floor": 0.0,
      "final_liquidity": 0.0,
      "mean_liquidity": 94422.78137795709,
      "low_liquidity_steps": 171.7,
      "max_drawdown": 0.9627597128509734,
      "final_token_price": 0.05031741569680798,
      "mean_action_oscillation": 5.952429048539626e-05,
      "total_unmet_demand": 10765519.322178062
    },
    "ppo_vs_static_delta_pct": {
      "episode_volume": 25.20536157031063,
      "mean_liquidity": 142.28820458333283,
      "low_liquidity_steps": 35.11939429237041,
      "max_drawdown": 3.9199915868901125,
      "total_unmet_demand": 46.12537178702053
    }
  },
  "token_volatility": {
    "ppo_leader": {
      "return": -744.8509452979695,
      "episode_volume": 11457925.411333129,
      "liquidity_floor": 0.0,
      "final_liquidity": 0.0,
      "mean_liquidity": 90887.60006272582,
      "low_liquidity_steps": 155.65,
      "max_drawdown": 0.9666740712932519,
      "final_token_price": 0.05105170825306225,
      "mean_action_oscillation": 0.0566463304173556,
      "total_unmet_demand": 8409953.96366602
    },
    "static_1_to_3": {
      "return": -945.260827294004,
      "episode_volume": 9103310.644759145,
      "liquidity_floor": 0.0,
      "final_liquidity": 0.0,
      "mean_liquidity": 23978.047955810787,
      "low_liquidity_steps": 219.5,
      "max_drawdown": 0.9613357564649163,
      "final_token_price": 0.05039294878699639,
      "mean_action_oscillation": 5.952429048539626e-05,
      "total_unmet_demand": 14164750.452603769
    },
    "ppo_vs_static_delta_pct": {
      "episode_volume": 25.865477499985747,
      "mean_liquidity": 279.0450341504981,
      "low_liquidity_steps": 29.088838268792706,
      "max_drawdown": -0.5553018071403025,
      "total_unmet_demand": 40.62758823880233
    }
  },
  "mixed_shock": {
    "ppo_leader": {
      "return": -808.2155306093595,
      "episode_volume": 9963494.577599235,
      "liquidity_floor": 0.0,
      "final_liquidity": 0.0,
      "mean_liquidity": 75604.7020746112,
      "low_liquidity_steps": 191.7,
      "max_drawdown": 0.9642100878252927,
      "final_token_price": 0.05105298467156254,
      "mean_action_oscillation": 0.04518472383608154,
      "total_unmet_demand": 14967825.62989803
    },
    "static_1_to_3": {
      "return": -983.8751994646931,
      "episode_volume": 7914478.680619793,
      "liquidity_floor": 0.0,
      "final_liquidity": 0.0,
      "mean_liquidity": 21018.17959347217,
      "low_liquidity_steps": 241.15,
      "max_drawdown": 0.9596093062981919,
      "final_token_price": 0.050498026182203705,
      "mean_action_oscillation": 5.952429048539626e-05,
      "total_unmet_demand": 21257006.886606663
    },
    "ppo_vs_static_delta_pct": {
      "episode_volume": 25.8894613235471,