{
  "ppo_leader": {
    "return": -2131.038831094118,
    "episode_volume": 10839178.43798897,
    "liquidity_floor": 0.0,
    "final_liquidity": 0.0,
    "mean_liquidity": 87376.20538954403,
    "low_liquidity_steps": 187.63571428571427,
    "max_drawdown": 0.9612751384310546,
    "final_token_price": 0.0505709540244265,
    "mean_action_oscillation": 0.04448996997968658,
    "total_unmet_demand": 13848478.31741823
  },
  "static_1_to_3": {
    "return": -2185.164400382731,
    "episode_volume": 9033334.54514588,
    "liquidity_floor": 0.0,
    "final_liquidity": 0.0,
    "mean_liquidity": 48773.79969278717,
    "low_liquidity_steps": 214.9857142857143,
    "max_drawdown": 0.961122296058865,
    "final_token_price": 0.050406938888987285,
    "mean_action_oscillation": 5.952429048539629e-05,
    "total_unmet_demand": 15265582.768919064
  },
  "ppo_vs_static_delta_pct": {
    "episode_volume": 19.99088912093344,
    "liquidity_floor": 0.0,
    "mean_liquidity": 79.1457830636589,
    "low_liquidity_steps": 12.721775533258034,
    "max_drawdown": -0.015902489497573558,
    "total_unmet_demand": 9.283002640332063
  }
}