{
  "normal": {
    "ppo_leader": {
      "return": -2897.1604124391947,
      "episode_volume": 10956198.537514959,
      "liquidity_floor": 0.0,
      "final_liquidity": 0.0,
      "mean_liquidity": 57092.861584753475,
      "low_liquidity_steps": 188.1,
      "max_drawdown": 0.9617498759303243,
      "final_token_price": 0.05055747815629463,
      "mean_action_oscillation": 0.04467370125066574,
      "total_unmet_demand": 12651542.332044821
    },
    "static_1_to_3": {
      "return": -2958.101130148367,
      "episode_volume": 9103310.644759145,
      "liquidity_floor": 0.0,
      "final_liquidity": 0.0,
      "mean_liquidity": 23978.047955810787,
      "low_liquidity_steps": 219.5,
      "max_drawdown": 0.9613357564649163,
      "final_token_price": 0.05039294878699639,
      "mean_action_oscillation": 5.952429048539626e-05,
      "total_unmet_demand": 14164750.452603769
    },
    "ppo_vs_static_delta_pct": {
      "episode_volume": 20.354000484675733,
      "mean_liquidity": 138.10471014975897,
      "low_liquidity_steps": 14.305239179954444,
      "max_drawdown": -0.0430775057125579,
      "total_unmet_demand": 10.682914080429768
    }
  },
  "cloudy_supply_drop": {
    "ppo_leader": {
      "return": -2922.114598602099,
      "episode_volume": 9621222.167673882,
      "liquidity_floor": 0.0,
      "final_liquidity": 0.0,
      "mean_liquidity": 48651.78352273693,
      "low_liquidity_steps": 216.75,
      "max_drawdown": 0.9618884475761018,
      "final_token_price": 0.050557488332014046,
      "mean_action_oscillation": 0.04296178424079601,
      "total_unmet_demand": 13981813.53005508
    },
    "static_1_to_3": {
      "return": -2982.9918480808074,
      "episode_volume": 7954050.95547647,
      "liquidity_floor": 0.0,
      "final_liquidity": 0.0,
      "mean_liquidity": 21018.17959347217,
      "low_liquidity_steps": 241.15,
      "max_drawdown": 0.9613357564649163,
      "final_token_price": 0.05039294878699639,
      "mean_action_oscillation": 5.952429048539626e-05,
      "total_unmet_demand": 15314010.141886443
    },
    "ppo_vs_static_delta_pct": {
      "episode_volume": 20.960026803066203,
      "mean_liquidity": 131.47477309522662,
      "low_liquidity_steps": 10.118183703089365,
      "max_drawdown": -0.057491995639264416,
      "total_unmet_demand": 8.699201577433838
    }
  },
  "factory_demand_spike": {
    "ppo_leader": {
      "return": -2860.3448743805266,
      "episode_volume": 11003048.425415752,
      "liquidity_floor": 0.0,
      "final_liquidity": 0.0,
      "mean_liquidity": 47918.589463571625,
      "low_liquidity_steps": 217.55,
      "max_drawdown": 0.9600248969185671,
      "final_token_price": 0.050639791510782385,
      "mean_action_oscillation": 0.04381102429334273,
      "total_unmet_demand": 19006423.6396944
    },
    "static_1_to_3": {
      "return": -2926.254113630038,
      "episode_volume": 9103310.644759145,
      "liquidity_floor": 0.0,
      "final_liquidity": 0.0,
      "mean_liquidity": 21018.17959347217,
      "low_liquidity_steps": 241.15,
      "max_drawdown": 0.9595264233316081,
      "final_token_price": 0.05048788575971182,
      "mean_action_oscillation": 5.952429048539626e-05,
      "total_unmet_demand": 20464505.96173618
    },
    "ppo_vs_static_delta_pct": {
      "episode_volume": 20.868647185519297,
      "mean_liquidity": 127.98639268671101,
      "low_liquidity_steps": 9.786439975119219,
      "max_drawdown": -0.05194995935893163,
      "total_unmet_demand": 7.124932919309419
    }
  },
  "oversupply": {
    "ppo_leader": {
      "return": -2872.897759888953,
      "episode_volume": 12512126.827794284,
      "liquidity_floor": 0.0,
      "final_liquidity": 0.0,
      "mean_liquidity": 196226.18332731133,
      "low_liquidity_steps": 144.85,
      "max_drawdown": 0.962259537979274,
      "final_token_price": 0.050536144737478826,
      "mean_action_oscillation": 0.05359639878323689,
      "total_unmet_demand": 9457126.849084018
    },
    "static_1_to_3": {
      "return": -2920.165322581174,
      "episode_volume": 10951569.600888336,
      "liquidity_floor": 0.0,
      "final_liquidity": 0.0,
      "mean_liquidity": 135983.18177951503,
      "low_liquidity_steps": 170.75,
      "max_drawdown": 0.9619533605365334,
      "final_token_price": 0.05036639822319838,
      "mean_action_oscillation": 5.952429048539626e-05,
      "total_unmet_demand": 10728536.164818568
    },
    "ppo_vs_static_delta_pct": {
      "episode_volume": 14.249621595605465,
      "mean_liquidity": 44.30180317848064,
      "low_liquidity_steps": 15.168374816983897,
      "max_drawdown": -0.03182872011277853,
      "total_unmet_demand": 11.850724984306854
    }
  },
  "demand_collapse": {
    "ppo_leader": {
      "return": -2913.971621960124,
      "episode_volume": 10621671.43866595,
      "liquidity_floor": 0.0,
      "final_liquidity": 0.0,
      "mean_liquidity": 135505.63429273592,
      "low_liquidity_steps": 146.25,
      "max_drawdown": 0.9631141581247352,
      "final_token_price": 0.05049714771882298,
      "mean_action_oscillation": 0.051455639290836075,
      "total_unmet_demand": 9527751.958996424
    },
    "static_1_to_3": {
      "return": -2965.5395259207335,
      "episode_volume": 9103310.644759145,
      "liquidity_floor": 0.0,
      "final_liquidity": 0.0,
      "mean_liquidity": 94422.78137795709,
      "low_liquidity_steps": 171.7,
      "max_drawdown": 0.9627597128509734,
      "final_token_price": 0.05031741569680798,
      "mean_action_oscillation": 5.952429048539626e-05,
      "total_unmet_demand": 10765519.322178062
    },
    "ppo_vs_static_delta_pct": {
      "episode_volume": 16.679215432255294,
      "mean_liquidity": 43.50947124754958,
      "low_liquidity_steps": 14.822364589400113,
      "max_drawdown": -0.036815548992201394,
      "total_unmet_demand": 11.497516526041723
    }
  },
  "token_volatility": {
    "ppo_leader": {
      "return": -2897.1649347555935,
      "episode_volume": 10956094.392047133,
      "liquidity_floor": 0.0,
      "final_liquidity": 0.0,
      "mean_liquidity": 57084.99977732017,
      "low_liquidity_steps": 188.1,
      "max_drawdown": 0.9617498759303243,
      "final_token_price": 0.05055747815629463,
      "mean_action_oscillation": 0.04467397082210893,
      "total_unmet_demand": 12651936.205677552
    },
    "static_1_to_3": {
      "return": -2958.101130148367,
      "episode_volume": 9103310.644759145,
      "liquidity_floor": 0.0,
      "final_liquidity": 0.0,
      "mean_liquidity": 23978.047955810787,
      "low_liquidity_steps": 219.5,
      "max_drawdown": 0.9613357564649163,
      "final_token_price": 0.05039294878699639,
      "mean_action_oscillation": 5.952429048539626e-05,
      "total_unmet_demand": 14164750.452603769
    },
    "ppo_vs_static_delta_pct": {
      "episode_volume": 20.35285644519505,
      "mean_liquidity": 138.07192262907424,
      "low_liquidity_steps": 14.305239179954444,
      "max_drawdown": -0.0430775057125579,
      "total_unmet_demand": 10.68013341984525
    }
  },
  "mixed_shock": {
    "ppo_leader": {
      "return": -2881.6931547560043,
      "episode_volume": 9561811.947745,
      "liquidity_floor": 0.0,
      "final_liquidity": 0.0,
      "mean_liquidity": 48762.63763457652,
      "low_liquidity_steps": 216.4,
      "max_drawdown": 0.9602124024554699,
      "final_token_price": 0.0506523516638316,
      "mean_action_oscillation": 0.04359411230156443,
      "total_unmet_demand": 20034833.782719642
    },
    "static_1_to_3": {
      "return": -2948.774577476929,
      "episode_volume": 7914478.680619793,
      "liquidity_floor": 0.0,
      "final_liquidity": 0.0,
      "mean_liquidity": 21018.17959347217,
      "low_liquidity_steps": 241.15,
      "max_drawdown": 0.9596093062981919,
      "final_token_price": 0.050498026182203705,
      "mean_action_oscillation": 5.952429048539626e-05,
      "total_unmet_demand": 21257006.886606663
    },