{
  "ppo_leader": {
    "return": -876.9817454564657,
    "episode_volume": 11260999.672378242,
    "liquidity_floor": 0.0,
    "final_liquidity": 0.0,
    "mean_liquidity": 106949.29640072095,
    "low_liquidity_steps": 178.87142857142857,
    "max_drawdown": 0.961337814616335,
    "final_token_price": 0.05073087440411583,
    "mean_action_oscillation": 0.031167657959451357,
    "total_unmet_demand": 12751966.198844453
  },
  "static_1_to_3": {
    "return": -946.7058409759276,
    "episode_volume": 9033334.54514588,
    "liquidity_floor": 0.0,
    "final_liquidity": 0.0,
    "mean_liquidity": 48773.79969278717,
    "low_liquidity_steps": 214.9857142857143,
    "max_drawdown": 0.961122296058865,
    "final_token_price": 0.050406938888987285,
    "mean_action_oscillation": 5.952429048539629e-05,
    "total_unmet_demand": 15265582.768919064
  },
  "ppo_vs_static_delta_pct": {
    "episode_volume": 24.6604962552772,
    "liquidity_floor": 0.0,
    "mean_liquidity": 119.27612175874204,
    "low_liquidity_steps": 16.798458369326873,
    "max_drawdown": -0.022423635197496298,
    "total_unmet_demand": 16.465906399540593
  }
}