{
  "ppo_leader": {
    "return": -883.519941665288,
    "episode_volume": 11333770.859359253,
    "liquidity_floor": 0.0,
    "final_liquidity": 0.0,
    "mean_liquidity": 106531.55080188996,
    "low_liquidity_steps": 181.06428571428572,
    "max_drawdown": 0.961346071554943,
    "final_token_price": 0.050571048301954566,
    "mean_action_oscillation": 0.012444758655832795,
    "total_unmet_demand": 13344310.977380821
  },
  "static_1_to_3": {
    "return": -946.7058409759276,
    "episode_volume": 9033334.54514588,
    "liquidity_floor": 0.0,
    "final_liquidity": 0.0,
    "mean_liquidity": 48773.79969278717,
    "low_liquidity_steps": 214.9857142857143,
    "max_drawdown": 0.961122296058865,
    "final_token_price": 0.050406938888987285,
    "mean_action_oscillation": 5.952429048539629e-05,
    "total_unmet_demand": 15265582.768919064
  },
  "ppo_vs_static_delta_pct": {
    "episode_volume": 25.466081242939538,
    "liquidity_floor": 0.0,
    "mean_liquidity": 118.41962585015534,
    "low_liquidity_steps": 15.778457040334908,
    "max_drawdown": -0.023282728638758812,
    "total_unmet_demand": 12.585643277569316
  }
}