{
  "normal": {
    "ppo_leader": {
      "return": -880.1512562189343,
      "episode_volume": 11466712.052804733,
      "liquidity_floor": 0.0,
      "final_liquidity": 0.0,
      "mean_liquidity": 60565.7652561684,
      "low_liquidity_steps": 182.15,
      "max_drawdown": 0.9615471370788367,
      "final_token_price": 0.05055757543243461,
      "mean_action_oscillation": 0.00946698377748995,
      "total_unmet_demand": 12166385.58111327
    },
    "static_1_to_3": {
      "return": -945.260827294004,
      "episode_volume": 9103310.644759145,
      "liquidity_floor": 0.0,
      "final_liquidity": 0.0,
      "mean_liquidity": 23978.047955810787,
      "low_liquidity_steps": 219.5,
      "max_drawdown": 0.9613357564649163,
      "final_token_price": 0.05039294878699639,
      "mean_action_oscillation": 5.952429048539626e-05,
      "total_unmet_demand": 14164750.452603769
    },
    "ppo_vs_static_delta_pct": {
      "episode_volume": 25.961998884507132,
      "mean_liquidity": 152.5883898797151,
      "low_liquidity_steps": 17.015945330296127,
      "max_drawdown": -0.02198821925626112,
      "total_unmet_demand": 14.108013255702355
    }
  },
  "cloudy_supply_drop": {
    "ppo_leader": {
      "return": -911.2903306225191,
      "episode_volume": 10015603.987972137,
      "liquidity_floor": 0.0,
      "final_liquidity": 0.0,
      "mean_liquidity": 51083.66309493677,
      "low_liquidity_steps": 212.45,
      "max_drawdown": 0.9615536872070853,
      "final_token_price": 0.05055757542894553,
      "mean_action_oscillation": 0.008585485661946756,
      "total_unmet_demand": 13618497.070105504
    },
    "static_1_to_3": {
      "return": -970.1515452264446,
      "episode_volume": 7954050.95547647,
      "liquidity_floor": 0.0,
      "final_liquidity": 0.0,
      "mean_liquidity": 21018.17959347217,
      "low_liquidity_steps": 241.15,
      "max_drawdown": 0.9613357564649163,
      "final_token_price": 0.05039294878699639,
      "mean_action_oscillation": 5.952429048539626e-05,
      "total_unmet_demand": 15314010.141886443
    },
    "ppo_vs_static_delta_pct": {
      "episode_volume": 25.918277919457623,
      "mean_liquidity": 143.04513560633168,
      "low_liquidity_steps": 11.90130624092889,
      "max_drawdown": -0.022669576233220974,
      "total_unmet_demand": 11.07164652544809
    }
  },
  "factory_demand_spike": {
    "ppo_leader": {
      "return": -904.2754162772495,
      "episode_volume": 11465098.602679169,
      "liquidity_floor": 0.0,
      "final_liquidity": 0.0,
      "mean_liquidity": 51033.53422111859,
      "low_liquidity_steps": 212.5,
      "max_drawdown": 0.9598259208585376,
      "final_token_price": 0.05063983776818411,
      "mean_action_oscillation": 0.009280196222973467,
      "total_unmet_demand": 18562175.718961917
    },
    "static_1_to_3": {
      "return": -964.1436762708557,
      "episode_volume": 9103310.644759145,
      "liquidity_floor": 0.0,
      "final_liquidity": 0.0,
      "mean_liquidity": 21018.17959347217,
      "low_liquidity_steps": 241.15,
      "max_drawdown": 0.9595264233316081,
      "final_token_price": 0.05048788575971182,
      "mean_action_oscillation": 5.952429048539626e-05,
      "total_unmet_demand": 20464505.96173618
    },
    "ppo_vs_static_delta_pct": {
      "episode_volume": 25.94427511138188,
      "mean_liquidity": 142.8066331537513,
      "low_liquidity_steps": 11.88057225793075,
      "max_drawdown": -0.031213056737883802,
      "total_unmet_demand": 9.295754543653162
    }
  },
  "oversupply": {
    "ppo_leader": {
      "return": -822.1961721385454,
      "episode_volume": 13592519.989124814,
      "liquidity_floor": 0.0,
      "final_liquidity": 0.0,
      "mean_liquidity": 293316.51202300895,
      "low_liquidity_steps": 129.15,
      "max_drawdown": 0.9621324291357395,
      "final_token_price": 0.05053628294001451,
      "mean_action_oscillation": 0.021678959996940923,
      "total_unmet_demand": 8421564.225511173
    },
    "static_1_to_3": {
      "return": -894.0269783423288,
      "episode_volume": 10951569.600888336,
      "liquidity_floor": 0.0,
      "final_liquidity": 0.0,
      "mean_liquidity": 135983.18177951503,
      "low_liquidity_steps": 170.75,
      "max_drawdown": 0.9619533605365334,
      "final_token_price": 0.05036639822319838,
      "mean_action_oscillation": 5.952429048539626e-05,
      "total_unmet_demand": 10728536.164818568
    },
    "ppo_vs_static_delta_pct": {
      "episode_volume": 24.11481170719362,
      "mean_liquidity": 115.70058016335896,
      "low_liquidity_steps": 24.36310395314787,
      "max_drawdown": -0.01861510199478459,
      "total_unmet_demand": 21.50313802243131
    }
  },
  "demand_collapse": {
    "ppo_leader": {
      "return": -857.7841870472126,
      "episode_volume": 11365090.56647883,
      "liquidity_floor": 0.0,
      "final_liquidity": 0.0,
      "mean_liquidity": 178077.99459986846,
      "low_liquidity_steps": 136.55,
      "max_drawdown": 0.9628982186678993,
      "final_token_price": 0.05049738481132254,
      "mean_action_oscillation": 0.019712991440952395,
      "total_unmet_demand": 8813555.445895314
    },
    "static_1_to_3": {
      "return": -924.2218329391623,
      "episode_volume": 9103310.644759145,
      "liquidity_floor": 0.0,
      "final_liquidity": 0.0,
      "mean_liquidity": 94422.78137795709,
      "low_liquidity_steps": 171.7,
      "max_drawdown": 0.9627597128509734,
      "final_token_price": 0.05031741569680798,
      "mean_action_oscillation": 5.952429048539626e-05,
      "total_unmet_demand": 10765519.322178062
    },
    "ppo_vs_static_delta_pct": {
      "episode_volume": 24.84568537735018,
      "mean_liquidity": 88.5964298033701,
      "low_liquidity_steps": 20.471753057658695,
      "max_drawdown": -0.014386332859288508,
      "total_unmet_demand": 18.131627633248534
    }
  },
  "token_volatility": {
    "ppo_leader": {
      "return": -880.142871358127,
      "episode_volume": 11466714.075441133,
      "liquidity_floor": 0.0,
      "final_liquidity": 0.0,
      "mean_liquidity": 60565.765238126725,
      "low_liquidity_steps": 182.15,
      "max_drawdown": 0.9615471370788367,
      "final_token_price": 0.05055757543243461,
      "mean_action_oscillation": 0.009456846781482477,
      "total_unmet_demand": 12166403.753015177
    },
    "static_1_to_3": {
      "return": -945.260827294004,
      "episode_volume": 9103310.644759145,
      "liquidity_floor": 0.0,
      "final_liquidity": 0.0,
      "mean_liquidity": 23978.047955810787,
      "low_liquidity_steps": 219.5,
      "max_drawdown": 0.9613357564649163,
      "final_token_price": 0.05039294878699639,
      "mean_action_oscillation": 5.952429048539626e-05,
      "total_unmet_demand": 14164750.452603769
    },
    "ppo_vs_static_delta_pct": {
      "episode_volume": 25.962021103197447,
      "mean_liquidity": 152.5883898044726,
      "low_liquidity_steps": 17.015945330296127,
      "max_drawdown": -0.02198821925626112,
      "total_unmet_demand": 14.107884966100864
    }
  },
  "mixed_shock": {
    "ppo_leader": {
      "return": -928.7993579944281,
      "episode_volume": 9964656.741013959,
      "liquidity_floor": 0.0,
      "final_liquidity": 0.0,
      "mean_liquidity": 51077.62118000178,
      "low_liquidity_steps": 212.5,
      "max_drawdown": 0.9599179708576662,
      "final_token_price": 0.0506511063003461,
      "mean_action_oscillation": 0.0089318467090436,
      "total_unmet_demand": 19661595.047063388
    },
    "static_1_to_3": {
      "return": -983.8751994646931,
      "episode_volume": 7914478.680619793,
      "liquidity_floor": 0.0,
      "final_liquidity": 0.0,
      "mean_liquidity": 21018.17959347217,
      "low_liquidity_steps": 241.15,
      "max_drawdown": 0.9596093062981919,
      "final_token_price": 0.050498026182203705,
      "mean_action_oscillation": 5.952429048539626e-05,
      "total_unmet_demand": 21257006.886606663
    },