{
  "ppo_leader": {
    "return": -747.6401086213167,
    "episode_volume": 11287940.367328418,
    "liquidity_floor": 0.0,
    "final_liquidity": 0.0,
    "mean_liquidity": 158170.82324857745,
    "low_liquidity_steps": 157.55,
    "max_drawdown": 0.9461773964088535,
    "final_token_price": 0.3275788351975055,
    "mean_action_oscillation": 0.012996263102444833,
    "total_unmet_demand": 10066976.421320839
  },
  "static_1_to_3": {
    "return": -946.7058617644424,
    "episode_volume": 9033333.829309681,
    "liquidity_floor": 0.0,
    "final_liquidity": 0.0,
    "mean_liquidity": 48773.78367900835,
    "low_liquidity_steps": 214.9857142857143,
    "max_drawdown": 0.9611222960858137,
    "final_token_price": 0.05040693884061948,
    "mean_action_oscillation": 5.9523891347150026e-05,
    "total_unmet_demand": 15265583.484755265
  },
  "ppo_vs_static_delta_pct": {
    "episode_volume": 24.958742592944024,
    "liquidity_floor": 0.0,
    "mean_liquidity": 224.29475697341124,
    "low_liquidity_steps": 26.716060867831747,
    "max_drawdown": 1.5549425643150274,
    "total_unmet_demand": 34.05442752074254
  }
}