{
  "ppo_leader": {
    "return": -769.1749640861287,
    "episode_volume": 11222491.56800172,
    "liquidity_floor": 0.0,
    "final_liquidity": 0.0,
    "mean_liquidity": 144192.51758255708,
    "low_liquidity_steps": 161.64285714285714,
    "max_drawdown": 0.9546046569622844,
    "final_token_price": 0.15919677556666556,
    "mean_action_oscillation": 0.034657031601812376,
    "total_unmet_demand": 10345052.524487346
  },
  "static_1_to_3": {
    "return": -946.7058409587443,
    "episode_volume": 9033334.54514588,
    "liquidity_floor": 0.0,
    "final_liquidity": 0.0,
    "mean_liquidity": 48773.79969278717,
    "low_liquidity_steps": 214.9857142857143,
    "max_drawdown": 0.9611222960512119,
    "final_token_price": 0.050406938888987285,
    "mean_action_oscillation": 5.952420178800821e-05,
    "total_unmet_demand": 15265582.768919064
  },
  "ppo_vs_static_delta_pct": {
    "episode_volume": 24.23420733412554,
    "liquidity_floor": 0.0,
    "mean_liquidity": 195.63519449127668,
    "low_liquidity_steps": 24.812279885706698,
    "max_drawdown": 0.6781279672426067,
    "total_unmet_demand": 32.232835908826125
  }
}