{
  "normal": {
    "ppo_leader": {
      "return": -739.3386067631801,
      "episode_volume": 11467519.673348028,
      "liquidity_floor": 0.0,
      "final_liquidity": 0.0,
      "mean_liquidity": 90944.77351630977,
      "low_liquidity_steps": 155.6,
      "max_drawdown": 0.9666749795426199,
      "final_token_price": 0.051051712345694764,
      "mean_action_oscillation": 0.050525736132459274,
      "total_unmet_demand": 8400359.701651117
    },
    "static_1_to_3": {
      "return": -945.260827294004,
      "episode_volume": 9103310.644759145,
      "liquidity_floor": 0.0,
      "final_liquidity": 0.0,
      "mean_liquidity": 23978.047955810787,
      "low_liquidity_steps": 219.5,
      "max_drawdown": 0.9613357564649163,
      "final_token_price": 0.05039294878699639,
      "mean_action_oscillation": 5.952429048539626e-05,
      "total_unmet_demand": 14164750.452603769
    },
    "ppo_vs_static_delta_pct": {
      "episode_volume": 25.970870607936238,
      "mean_liquidity": 279.2834749680714,
      "low_liquidity_steps": 29.111617312072898,
      "max_drawdown": -0.5553962849917649,
      "total_unmet_demand": 40.695321603022236
    }
  },
  "cloudy_supply_drop": {
    "ppo_leader": {
      "return": -791.5718305326686,
      "episode_volume": 10015534.195264688,
      "liquidity_floor": 0.0,
      "final_liquidity": 0.0,
      "mean_liquidity": 75653.85125045109,
      "low_liquidity_steps": 190.8,
      "max_drawdown": 0.9666756637291524,
      "final_token_price": 0.05105171171874114,
      "mean_action_oscillation": 0.04231828572339423,
      "total_unmet_demand": 9852345.179734461
    },
    "static_1_to_3": {
      "return": -970.1515452264446,
      "episode_volume": 7954050.95547647,
      "liquidity_floor": 0.0,
      "final_liquidity": 0.0,
      "mean_liquidity": 21018.17959347217,
      "low_liquidity_steps": 241.15,
      "max_drawdown": 0.9613357564649163,
      "final_token_price": 0.05039294878699639,
      "mean_action_oscillation": 5.952429048539626e-05,
      "total_unmet_demand": 15314010.141886443
    },
    "ppo_vs_static_delta_pct": {
      "episode_volume": 25.91740047087401,
      "mean_liquidity": 259.9448321107108,
      "low_liquidity_steps": 20.879120879120876,
      "max_drawdown": -0.5554674553948034,
      "total_unmet_demand": 35.66449879260163
    }
  },
  "factory_demand_spike": {
    "ppo_leader": {
      "return": -777.8963941676363,
      "episode_volume": 11468081.514619835,
      "liquidity_floor": 0.0,
      "final_liquidity": 0.0,
      "mean_liquidity": 75686.92668179855,
      "low_liquidity_steps": 190.5,
      "max_drawdown": 0.9640903025087502,
      "final_token_price": 0.051048465310976086,
      "mean_action_oscillation": 0.04375202457054651,
      "total_unmet_demand": 13777832.00767926
    },
    "static_1_to_3": {
      "return": -964.1436762708557,
      "episode_volume": 9103310.644759145,
      "liquidity_floor": 0.0,
      "final_liquidity": 0.0,
      "mean_liquidity": 21018.17959347217,
      "low_liquidity_steps": 241.15,
      "max_drawdown": 0.9595264233316081,
      "final_token_price": 0.05048788575971182,
      "mean_action_oscillation": 5.952429048539626e-05,
      "total_unmet_demand": 20464505.96173618
    },
    "ppo_vs_static_delta_pct": {
      "episode_volume": 25.97704244248887,
      "mean_liquidity": 260.10219793395146,
      "low_liquidity_steps": 21.003524777109686,
      "max_drawdown": -0.47563871782661843,
      "total_unmet_demand": 32.67449488670496
    }
  },
  "oversupply": {
    "ppo_leader": {
      "return": -582.1762382545787,
      "episode_volume": 13718720.520078521,
      "liquidity_floor": 0.0,
      "final_liquidity": 0.0,
      "mean_liquidity": 382276.33823432017,
      "low_liquidity_steps": 102.0,
      "max_drawdown": 0.880286071718668,
      "final_token_price": 0.880589517433507,
      "mean_action_oscillation": 0.05663743341685157,
      "total_unmet_demand": 5350085.660901558
    },
    "static_1_to_3": {
      "return": -894.0269783423288,
      "episode_volume": 10951569.600888336,
      "liquidity_floor": 0.0,
      "final_liquidity": 0.0,
      "mean_liquidity": 135983.18177951503,
      "low_liquidity_steps": 170.75,
      "max_drawdown": 0.9619533605365334,
      "final_token_price": 0.05036639822319838,
      "mean_action_oscillation": 5.952429048539626e-05,
      "total_unmet_demand": 10728536.164818568
    },
    "ppo_vs_static_delta_pct": {
      "episode_volume": 25.26716279067183,
      "mean_liquidity": 181.12030710838064,
      "low_liquidity_steps": 40.26354319180088,
      "max_drawdown": 8.489734759314638,
      "total_unmet_demand": 50.13219344456548
    }
  },
  "demand_collapse": {
    "ppo_leader": {
      "return": -642.7456808510625,
      "episode_volume": 11432480.144721437,
      "liquidity_floor": 0.0,
      "final_liquidity": 0.0,
      "mean_liquidity": 233574.3623844663,
      "low_liquidity_steps": 110.85,
      "max_drawdown": 0.9223322387453547,
      "final_token_price": 0.17716495288093298,
      "mean_action_oscillation": 0.05603888057435673,
      "total_unmet_demand": 5762381.943779002
    },
    "static_1_to_3": {
      "return": -924.2218329391623,
      "episode_volume": 9103310.644759145,
      "liquidity_floor": 0.0,
      "final_liquidity": 0.0,
      "mean_liquidity": 94422.78137795709,
      "low_liquidity_steps": 171.7,
      "max_drawdown": 0.9627597128509734,
      "final_token_price": 0.05031741569680798,
      "mean_action_oscillation": 5.952429048539626e-05,
      "total_unmet_demand": 10765519.322178062
    },
    "ppo_vs_static_delta_pct": {
      "episode_volume": 25.58596087570862,
      "mean_liquidity": 147.37077109549543,
      "low_liquidity_steps": 35.4397204426325,
      "max_drawdown": 4.199123993867871,
      "total_unmet_demand": 46.473720669397615
    }
  },
  "token_volatility": {
    "ppo_leader": {
      "return": -743.0333374575763,
      "episode_volume": 11467664.767973017,
      "liquidity_floor": 0.0,
      "final_liquidity": 0.0,
      "mean_liquidity": 90944.81523124439,
      "low_liquidity_steps": 155.6,
      "max_drawdown": 0.9666749795426199,
      "final_token_price": 0.05105171232099666,
      "mean_action_oscillation": 0.05022219142965263,
      "total_unmet_demand": 8400214.607026132
    },
    "static_1_to_3": {
      "return": -945.260827294004,
      "episode_volume": 9103310.644759145,
      "liquidity_floor": 0.0,
      "final_liquidity": 0.0,
      "mean_liquidity": 23978.047955810787,
      "low_liquidity_steps": 219.5,
      "max_drawdown": 0.9613357564649163,
      "final_token_price": 0.05039294878699639,
      "mean_action_oscillation": 5.952429048539626e-05,
      "total_unmet_demand": 14164750.452603769
    },
    "ppo_vs_static_delta_pct": {
      "episode_volume": 25.972464474504687,
      "mean_liquidity": 279.2836489394251,
      "low_liquidity_steps": 29.111617312072898,
      "max_drawdown": -0.5553962849917649,
      "total_unmet_demand": 40.69634593892897
    }
  },
  "mixed_shock": {
    "ppo_leader": {
      "return": -806.6575263202141,
      "episode_volume": 9969256.67126805,
      "liquidity_floor": 0.0,
      "final_liquidity": 0.0,
      "mean_liquidity": 75630.66094817742,
      "low_liquidity_steps": 191.7,
      "max_drawdown": 0.9642208689054922,
      "final_token_price": 0.0510529871166371,
      "mean_action_oscillation": 0.03771167676341498,
      "total_unmet_demand": 14938283.074076375
    },
    "static_1_to_3": {
      "return": -983.8751994646931,
      "episode_volume": 7914478.680619793,
      "liquidity_floor": 0.0,
      "final_liquidity": 0.0,
      "mean_liquidity": 21018.17959347217,
      "low_liquidity_steps": 241.15,
      "max_drawdown": 0.9596093062981919,
      "final_token_price": 0.050498026182203705,
      "mean_action_oscillation": 5.952429048539626e-05,
      "total_unmet_demand": 21257006.886606663
    },
    "ppo_vs_static_delta_pct": {
      "episode_volume": 25.96226578611927,