{
  "ppo_leader": {
    "return": -726.2028020495594,
    "episode_volume": 11362751.06961051,
    "liquidity_floor": 0.0,
    "final_liquidity": 0.0,
    "mean_liquidity": 146387.38974953827,
    "low_liquidity_steps": 156.72142857142856,
    "max_drawdown": 0.9472793006703796,
    "final_token_price": 0.18757300844678365,
    "mean_action_oscillation": 0.0481723183729537,
    "total_unmet_demand": 9497357.4535497
  },
  "static_1_to_3": {
    "return": -946.7058409759276,
    "episode_volume": 9033334.54514588,
    "liquidity_floor": 0.0,
    "final_liquidity": 0.0,
    "mean_liquidity": 48773.79969278717,
    "low_liquidity_steps": 214.9857142857143,
    "max_drawdown": 0.961122296058865,
    "final_token_price": 0.050406938888987285,
    "mean_action_oscillation": 5.952429048539629e-05,
    "total_unmet_demand": 15265582.768919064
  },
  "ppo_vs_static_delta_pct": {
    "episode_volume": 25.786895335525422,
    "liquidity_floor": 0.0,
    "mean_liquidity": 200.13529942631578,
    "low_liquidity_steps": 27.101468536115366,
    "max_drawdown": 1.4402948974599175,
    "total_unmet_demand": 37.78581795850958
  }
}