{
  "ppo_leader": {
    "return": -809.7202718786746,
    "episode_volume": 11385778.732616454,
    "liquidity_floor": 0.0,
    "final_liquidity": 0.0,
    "mean_liquidity": 126739.68502331355,
    "low_liquidity_steps": 170.80714285714285,
    "max_drawdown": 0.9602738553008755,
    "final_token_price": 0.07254161809381936,
    "mean_action_oscillation": 0.020148665043606823,
    "total_unmet_demand": 10540252.760189941
  },
  "static_1_to_3": {
    "return": -946.7058409759276,
    "episode_volume": 9033334.54514588,
    "liquidity_floor": 0.0,
    "final_liquidity": 0.0,
    "mean_liquidity": 48773.79969278717,
    "low_liquidity_steps": 214.9857142857143,
    "max_drawdown": 0.961122296058865,
    "final_token_price": 0.050406938888987285,
    "mean_action_oscillation": 5.952429048539629e-05,
    "total_unmet_demand": 15265582.768919064
  },
  "ppo_vs_static_delta_pct": {
    "episode_volume": 26.04181407999192,
    "liquidity_floor": 0.0,
    "mean_liquidity": 159.85198164098793,
    "low_liquidity_steps": 20.54953817529405,
    "max_drawdown": 0.0882760457715515,
    "total_unmet_demand": 30.954140960474565
  }
}