{
  "ppo_leader": {
    "return": -800.9836001986743,
    "episode_volume": 11399483.605466729,
    "liquidity_floor": 0.0,
    "final_liquidity": 0.0,
    "mean_liquidity": 141459.59680846476,
    "low_liquidity_steps": 168.13571428571427,
    "max_drawdown": 0.9580630897961303,
    "final_token_price": 0.13680073326185496,
    "mean_action_oscillation": 0.017208852301132557,
    "total_unmet_demand": 10364934.459753271
  },
  "static_1_to_3": {
    "return": -946.7058409759276,
    "episode_volume": 9033334.54514588,
    "liquidity_floor": 0.0,
    "final_liquidity": 0.0,
    "mean_liquidity": 48773.79969278717,
    "low_liquidity_steps": 214.9857142857143,
    "max_drawdown": 0.961122296058865,
    "final_token_price": 0.050406938888987285,
    "mean_action_oscillation": 5.952429048539629e-05,
    "total_unmet_demand": 15265582.768919064
  },
  "ppo_vs_static_delta_pct": {
    "episode_volume": 26.193528519236718,
    "liquidity_floor": 0.0,
    "mean_liquidity": 190.03193866272485,
    "low_liquidity_steps": 21.79214565751878,
    "max_drawdown": 0.31829521334372823,
    "total_unmet_demand": 32.10259564504527
  }
}