{
  "ppo_leader": {
    "return": -751.2196931980669,
    "episode_volume": 11282018.999858672,
    "liquidity_floor": 0.0,
    "final_liquidity": 0.0,
    "mean_liquidity": 154709.3527165712,
    "low_liquidity_steps": 158.65714285714284,
    "max_drawdown": 0.9489891487796237,
    "final_token_price": 0.25517193623818507,
    "mean_action_oscillation": 0.02795671085672284,
    "total_unmet_demand": 10131639.599332944
  },
  "static_1_to_3": {
    "return": -946.7058617644424,
    "episode_volume": 9033333.829309681,
    "liquidity_floor": 0.0,
    "final_liquidity": 0.0,
    "mean_liquidity": 48773.78367900835,
    "low_liquidity_steps": 214.9857142857143,
    "max_drawdown": 0.9611222960858137,
    "final_token_price": 0.05040693884061948,
    "mean_action_oscillation": 5.9523891347150026e-05,
    "total_unmet_demand": 15265583.484755265
  },
  "ppo_vs_static_delta_pct": {
    "episode_volume": 24.893192403151037,
    "liquidity_floor": 0.0,
    "mean_liquidity": 217.19776701096131,
    "low_liquidity_steps": 26.201076483487284,
    "max_drawdown": 1.2623936990747602,
    "total_unmet_demand": 33.63083953226717
  }
}