{
  "ppo_leader": {
    "return": -857.075576570381,
    "episode_volume": 11364375.513493212,
    "liquidity_floor": 0.0,
    "final_liquidity": 0.0,
    "mean_liquidity": 123822.31293823112,
    "low_liquidity_steps": 176.46428571428572,
    "max_drawdown": 0.9616419584389754,
    "final_token_price": 0.05206458664219992,
    "mean_action_oscillation": 0.029272136043033622,
    "total_unmet_demand": 11950211.50225278
  },
  "static_1_to_3": {
    "return": -946.7058409759276,
    "episode_volume": 9033334.54514588,
    "liquidity_floor": 0.0,
    "final_liquidity": 0.0,
    "mean_liquidity": 48773.79969278717,
    "low_liquidity_steps": 214.9857142857143,
    "max_drawdown": 0.961122296058865,
    "final_token_price": 0.050406938888987285,
    "mean_action_oscillation": 5.952429048539629e-05,
    "total_unmet_demand": 15265582.768919064
  },
  "ppo_vs_static_delta_pct": {
    "episode_volume": 25.8048781067223,
    "liquidity_floor": 0.0,
    "mean_liquidity": 153.8705487744527,
    "low_liquidity_steps": 17.918134095288725,
    "max_drawdown": -0.054068288941091905,
    "total_unmet_demand": 21.717947600509724
  }
}