{
  "ppo_leader": {
    "return": -793.2873742176272,
    "episode_volume": 11389854.491895467,
    "liquidity_floor": 0.0,
    "final_liquidity": 0.0,
    "mean_liquidity": 132591.36186038476,
    "low_liquidity_steps": 167.2357142857143,
    "max_drawdown": 0.9579401896344797,
    "final_token_price": 0.09762983420806993,
    "mean_action_oscillation": 0.018785850227474525,
    "total_unmet_demand": 10209347.70399755
  },
  "static_1_to_3": {
    "return": -946.7058409759276,
    "episode_volume": 9033334.54514588,
    "liquidity_floor": 0.0,
    "final_liquidity": 0.0,
    "mean_liquidity": 48773.79969278717,
    "low_liquidity_steps": 214.9857142857143,
    "max_drawdown": 0.961122296058865,
    "final_token_price": 0.050406938888987285,
    "mean_action_oscillation": 5.952429048539629e-05,
    "total_unmet_demand": 15265582.768919064
  },
  "ppo_vs_static_delta_pct": {
    "episode_volume": 26.08693318034897,
    "liquidity_floor": 0.0,
    "mean_liquidity": 171.8495641010983,
    "low_liquidity_steps": 22.210778124792345,
    "max_drawdown": 0.33108236458916057,
    "total_unmet_demand": 33.12179522694723
  }
}