{
  "ppo_leader": {
    "return": -877.0998089720135,
    "episode_volume": 11202401.958392974,
    "liquidity_floor": 0.0,
    "final_liquidity": 0.0,
    "mean_liquidity": 106866.36583917348,
    "low_liquidity_steps": 178.7,
    "max_drawdown": 0.9613348607072851,
    "final_token_price": 0.0507776813893549,
    "mean_action_oscillation": 0.04005441857670953,
    "total_unmet_demand": 12581924.02877552
  },
  "static_1_to_3": {
    "return": -946.7058409759276,
    "episode_volume": 9033334.54514588,
    "liquidity_floor": 0.0,
    "final_liquidity": 0.0,
    "mean_liquidity": 48773.79969278717,
    "low_liquidity_steps": 214.9857142857143,
    "max_drawdown": 0.961122296058865,
    "final_token_price": 0.050406938888987285,
    "mean_action_oscillation": 5.952429048539629e-05,
    "total_unmet_demand": 15265582.768919064
  },
  "ppo_vs_static_delta_pct": {
    "episode_volume": 24.01181316164866,
    "liquidity_floor": 0.0,
    "mean_liquidity": 119.10609079525379,
    "low_liquidity_steps": 16.878197886902793,
    "max_drawdown": -0.02211629563602412,
    "total_unmet_demand": 17.579798824369217
  }
}