{
  "ppo_leader": {
    "return": -882.654322607492,
    "episode_volume": 11354009.799540622,
    "liquidity_floor": 0.0,
    "final_liquidity": 0.0,
    "mean_liquidity": 108126.5096399161,
    "low_liquidity_steps": 180.8,
    "max_drawdown": 0.9613612752487025,
    "final_token_price": 0.050571047860317,
    "mean_action_oscillation": 0.009721915791673348,
    "total_unmet_demand": 13339815.861472208
  },
  "static_1_to_3": {
    "return": -946.7058409759276,
    "episode_volume": 9033334.54514588,
    "liquidity_floor": 0.0,
    "final_liquidity": 0.0,
    "mean_liquidity": 48773.79969278717,
    "low_liquidity_steps": 214.9857142857143,
    "max_drawdown": 0.961122296058865,
    "final_token_price": 0.050406938888987285,
    "mean_action_oscillation": 5.952429048539629e-05,
    "total_unmet_demand": 15265582.768919064
  },
  "ppo_vs_static_delta_pct": {
    "episode_volume": 25.69012852116466,
    "liquidity_floor": 0.0,
    "mean_liquidity": 121.68973982132911,
    "low_liquidity_steps": 15.901388796597779,
    "max_drawdown": -0.024864597441704814,
    "total_unmet_demand": 12.615089358840224
  }
}