{
  "normal": {
    "ppo_leader": {
      "return": -879.4447973901654,
      "episode_volume": 11478470.778755117,
      "liquidity_floor": 0.0,
      "final_liquidity": 0.0,
      "mean_liquidity": 60658.140436110974,
      "low_liquidity_steps": 182.0,
      "max_drawdown": 0.9615653876818729,
      "final_token_price": 0.050557575423706855,
      "mean_action_oscillation": 0.006914625508577068,
      "total_unmet_demand": 12167736.774647504
    },
    "static_1_to_3": {
      "return": -945.260827294004,
      "episode_volume": 9103310.644759145,
      "liquidity_floor": 0.0,
      "final_liquidity": 0.0,
      "mean_liquidity": 23978.047955810787,
      "low_liquidity_steps": 219.5,
      "max_drawdown": 0.9613357564649163,
      "final_token_price": 0.05039294878699639,
      "mean_action_oscillation": 5.952429048539626e-05,
      "total_unmet_demand": 14164750.452603769
    },
    "ppo_vs_static_delta_pct": {
      "episode_volume": 26.091168660309016,
      "mean_liquidity": 152.97363883789887,
      "low_liquidity_steps": 17.084282460136674,
      "max_drawdown": -0.02388668219322679,
      "total_unmet_demand": 14.098474128707103
    }
  },
  "cloudy_supply_drop": {
    "ppo_leader": {
      "return": -910.8163113876338,
      "episode_volume": 10024420.64657138,
      "liquidity_floor": 0.0,
      "final_liquidity": 0.0,
      "mean_liquidity": 51149.48341269982,
      "low_liquidity_steps": 212.4,
      "max_drawdown": 0.961565892940067,
      "final_token_price": 0.050557575423706855,
      "mean_action_oscillation": 0.00641616877406921,
      "total_unmet_demand": 13621786.906831238
    },
    "static_1_to_3": {
      "return": -970.1515452264446,
      "episode_volume": 7954050.95547647,
      "liquidity_floor": 0.0,
      "final_liquidity": 0.0,
      "mean_liquidity": 21018.17959347217,
      "low_liquidity_steps": 241.15,
      "max_drawdown": 0.9613357564649163,
      "final_token_price": 0.05039294878699639,
      "mean_action_oscillation": 5.952429048539626e-05,
      "total_unmet_demand": 15314010.141886443
    },
    "ppo_vs_static_delta_pct": {
      "episode_volume": 26.029122804015124,
      "mean_liquidity": 143.35829459077337,
      "low_liquidity_steps": 11.922040223927016,
      "max_drawdown": -0.02393924012531903,
      "total_unmet_demand": 11.050163996082803
    }
  },
  "factory_demand_spike": {
    "ppo_leader": {
      "return": -903.8644070485363,
      "episode_volume": 11477151.128576927,
      "liquidity_floor": 0.0,
      "final_liquidity": 0.0,
      "mean_liquidity": 51130.283857357426,
      "low_liquidity_steps": 212.35,
      "max_drawdown": 0.959841481447478,
      "final_token_price": 0.050639836365687384,
      "mean_action_oscillation": 0.007180268560735148,
      "total_unmet_demand": 18571246.99025538
    },
    "static_1_to_3": {
      "return": -964.1436762708557,
      "episode_volume": 9103310.644759145,
      "liquidity_floor": 0.0,
      "final_liquidity": 0.0,
      "mean_liquidity": 21018.17959347217,
      "low_liquidity_steps": 241.15,
      "max_drawdown": 0.9595264233316081,
      "final_token_price": 0.05048788575971182,
      "mean_action_oscillation": 5.952429048539626e-05,
      "total_unmet_demand": 20464505.96173618
    },
    "ppo_vs_static_delta_pct": {
      "episode_volume": 26.07667228388414,
      "mean_liquidity": 143.2669472157212,
      "low_liquidity_steps": 11.942774206925154,
      "max_drawdown": -0.03283475141581138,
      "total_unmet_demand": 9.251427691539446
    }
  },
  "oversupply": {
    "ppo_leader": {
      "return": -819.9834853028291,
      "episode_volume": 13654242.854844818,
      "liquidity_floor": 0.0,
      "final_liquidity": 0.0,
      "mean_liquidity": 302046.2967643889,
      "low_liquidity_steps": 128.25,
      "max_drawdown": 0.9621465573571987,
      "final_token_price": 0.05053628294001451,
      "mean_action_oscillation": 0.01767070025650106,
      "total_unmet_demand": 8378188.953147642
    },
    "static_1_to_3": {
      "return": -894.0269783423288,
      "episode_volume": 10951569.600888336,
      "liquidity_floor": 0.0,
      "final_liquidity": 0.0,
      "mean_liquidity": 135983.18177951503,
      "low_liquidity_steps": 170.75,
      "max_drawdown": 0.9619533605365334,
      "final_token_price": 0.05036639822319838,
      "mean_action_oscillation": 5.952429048539626e-05,
      "total_unmet_demand": 10728536.164818568
    },
    "ppo_vs_static_delta_pct": {
      "episode_volume": 24.678410058565984,
      "mean_liquidity": 122.12033342044523,
      "low_liquidity_steps": 24.890190336749633,
      "max_drawdown": -0.02008380328933658,
      "total_unmet_demand": 21.907436164294953
    }
  },
  "demand_collapse": {
    "ppo_leader": {
      "return": -856.4467698466206,
      "episode_volume": 11391930.65031848,
      "liquidity_floor": 0.0,
      "final_liquidity": 0.0,
      "mean_liquidity": 180099.66684879622,
      "low_liquidity_steps": 136.2,
      "max_drawdown": 0.962916472200301,
      "final_token_price": 0.05049738481132254,
      "mean_action_oscillation": 0.016047583467191307,
      "total_unmet_demand": 8799773.717781402
    },
    "static_1_to_3": {
      "return": -924.2218329391623,
      "episode_volume": 9103310.644759145,
      "liquidity_floor": 0.0,
      "final_liquidity": 0.0,
      "mean_liquidity": 94422.78137795709,
      "low_liquidity_steps": 171.7,
      "max_drawdown": 0.9627597128509734,
      "final_token_price": 0.05031741569680798,
      "mean_action_oscillation": 5.952429048539626e-05,
      "total_unmet_demand": 10765519.322178062
    },
    "ppo_vs_static_delta_pct": {
      "episode_volume": 25.140524089188506,
      "mean_liquidity": 90.73751505782302,
      "low_liquidity_steps": 20.675596971461854,
      "max_drawdown": -0.016282292168558796,
      "total_unmet_demand": 18.259644942042176
    }
  },
  "token_volatility": {
    "ppo_leader": {
      "return": -879.4364210812475,
      "episode_volume": 11478472.327684607,
      "liquidity_floor": 0.0,
      "final_liquidity": 0.0,
      "mean_liquidity": 60658.140436110974,
      "low_liquidity_steps": 182.0,
      "max_drawdown": 0.9615653876818729,
      "final_token_price": 0.050557575423706855,
      "mean_action_oscillation": 0.006905377710459215,
      "total_unmet_demand": 12167735.22571801
    },
    "static_1_to_3": {
      "return": -945.260827294004,
      "episode_volume": 9103310.644759145,
      "liquidity_floor": 0.0,
      "final_liquidity": 0.0,
      "mean_liquidity": 23978.047955810787,
      "low_liquidity_steps": 219.5,
      "max_drawdown": 0.9613357564649163,
      "final_token_price": 0.05039294878699639,
      "mean_action_oscillation": 5.952429048539626e-05,
      "total_unmet_demand": 14164750.452603769
    },
    "ppo_vs_static_delta_pct": {
      "episode_volume": 26.091185675322023,
      "mean_liquidity": 152.97363883789887,
      "low_liquidity_steps": 17.084282460136674,
      "max_drawdown": -0.02388668219322679,
      "total_unmet_demand": 14.098485063806164
    }
  },
  "mixed_shock": {
    "ppo_leader": {
      "return": -928.588066195411,
      "episode_volume": 9973380.210033026,
      "liquidity_floor": 0.0,
      "final_liquidity": 0.0,
      "mean_liquidity": 51143.55572394828,
      "low_liquidity_steps": 212.4,
      "max_drawdown": 0.9599277474321257,
      "final_token_price": 0.05065110463407405,
      "mean_action_oscillation": 0.006918686264180426,
      "total_unmet_demand": 19672242.461924277
    },
    "static_1_to_3": {
      "return": -983.8751994646931,
      "episode_volume": 7914478.680619793,
      "liquidity_floor": 0.0,
      "final_liquidity": 0.0,
      "mean_liquidity": 21018.17959347217,
      "low_liquidity_steps": 241.15,
      "max_drawdown": 0.9596093062981919,
      "final_token_price": 0.050498026182203705,
      "mean_action_oscillation": 5.952429048539626e-05,
      "total_unmet_demand": 21257006.886606663
    },