{
  "ppo_leader": {
    "return": -802.1123078198623,
    "episode_volume": 11281932.157434454,
    "liquidity_floor": 0.0,
    "final_liquidity": 0.0,
    "mean_liquidity": 115487.55709341397,
    "low_liquidity_steps": 168.38571428571427,
    "max_drawdown": 0.9612770862546501,
    "final_token_price": 0.057274549035134924,
    "mean_action_oscillation": 0.038850941851481226,
    "total_unmet_demand": 10463387.076185036
  },
  "static_1_to_3": {
    "return": -946.7058409759276,
    "episode_volume": 9033334.54514588,
    "liquidity_floor": 0.0,
    "final_liquidity": 0.0,
    "mean_liquidity": 48773.79969278717,
    "low_liquidity_steps": 214.9857142857143,
    "max_drawdown": 0.961122296058865,
    "final_token_price": 0.050406938888987285,
    "mean_action_oscillation": 5.952429048539629e-05,
    "total_unmet_demand": 15265582.768919064
  },
  "ppo_vs_static_delta_pct": {
    "episode_volume": 24.892221151013075,
    "liquidity_floor": 0.0,
    "mean_liquidity": 136.78195633893304,
    "low_liquidity_steps": 21.675858861053896,
    "max_drawdown": -0.016105150865800517,
    "total_unmet_demand": 31.45766372254955
  }
}