{
  "ppo_leader": {
    "return": -1156.609862394127,
    "episode_volume": 11213532.912502749,
    "liquidity_floor": 0.0,
    "final_liquidity": 0.0,
    "mean_liquidity": 109304.98043877576,
    "low_liquidity_steps": 179.59285714285716,
    "max_drawdown": 0.961756944482432,
    "final_token_price": 0.050647362043116914,
    "mean_action_oscillation": 0.04968634002150163,
    "total_unmet_demand": 12285439.808653347
  },
  "static_1_to_3": {
    "return": -1245.0377260373393,
    "episode_volume": 9033334.54514588,
    "liquidity_floor": 0.0,
    "final_liquidity": 0.0,
    "mean_liquidity": 48773.79969278717,
    "low_liquidity_steps": 214.9857142857143,
    "max_drawdown": 0.961122296058865,
    "final_token_price": 0.050406938888987285,
    "mean_action_oscillation": 5.952429048539629e-05,
    "total_unmet_demand": 15265582.768919064
  },
  "ppo_vs_static_delta_pct": {
    "episode_volume": 24.135034039322854,
    "liquidity_floor": 0.0,
    "mean_liquidity": 124.10593623473657,
    "low_liquidity_steps": 16.462887899528205,
    "max_drawdown": -0.0660320155061833,
    "total_unmet_demand": 19.52197309056113
  }
}