{
  "normal": {
    "ppo_leader": {
      "return": -1152.9367992107086,
      "episode_volume": 11381849.001113307,
      "liquidity_floor": 0.0,
      "final_liquidity": 0.0,
      "mean_liquidity": 62221.9775657817,
      "low_liquidity_steps": 180.7,
      "max_drawdown": 0.9619440667706686,
      "final_token_price": 0.050632532867573396,
      "mean_action_oscillation": 0.04452830329641031,
      "total_unmet_demand": 10973319.764180351
    },
    "static_1_to_3": {
      "return": -1244.5055179767728,
      "episode_volume": 9103310.644759145,
      "liquidity_floor": 0.0,
      "final_liquidity": 0.0,
      "mean_liquidity": 23978.047955810787,
      "low_liquidity_steps": 219.5,
      "max_drawdown": 0.9613357564649163,
      "final_token_price": 0.05039294878699639,
      "mean_action_oscillation": 5.952429048539626e-05,
      "total_unmet_demand": 14164750.452603769
    },
    "ppo_vs_static_delta_pct": {
      "episode_volume": 25.029777025855275,
      "mean_liquidity": 159.49559230363857,
      "low_liquidity_steps": 17.676537585421418,
      "max_drawdown": -0.06327761155885579,
      "total_unmet_demand": 22.53079359994491
    }
  },
  "cloudy_supply_drop": {
    "ppo_leader": {
      "return": -1183.9349010699768,
      "episode_volume": 9946702.426071273,
      "liquidity_floor": 0.0,
      "final_liquidity": 0.0,
      "mean_liquidity": 52862.41822963825,
      "low_liquidity_steps": 211.15,
      "max_drawdown": 0.9620894865323135,
      "final_token_price": 0.05064247063896602,
      "mean_action_oscillation": 0.04208856081258628,
      "total_unmet_demand": 12547654.536553953
    },
    "static_1_to_3": {
      "return": -1269.3962359092131,
      "episode_volume": 7954050.95547647,
      "liquidity_floor": 0.0,
      "final_liquidity": 0.0,
      "mean_liquidity": 21018.17959347217,
      "low_liquidity_steps": 241.15,
      "max_drawdown": 0.9613357564649163,
      "final_token_price": 0.05039294878699639,
      "mean_action_oscillation": 5.952429048539626e-05,
      "total_unmet_demand": 15314010.141886443
    },
    "ppo_vs_static_delta_pct": {
      "episode_volume": 25.052033004928585,
      "mean_liquidity": 151.50807183156942,
      "low_liquidity_steps": 12.440389798880364,
      "max_drawdown": -0.07840445570950882,
      "total_unmet_demand": 18.06421426982103
    }
  },
  "factory_demand_spike": {
    "ppo_leader": {
      "return": -1165.9279506973362,
      "episode_volume": 11379778.699458018,
      "liquidity_floor": 0.0,
      "final_liquidity": 0.0,
      "mean_liquidity": 52378.60766865573,
      "low_liquidity_steps": 211.35,
      "max_drawdown": 0.960156816751447,
      "final_token_price": 0.05072327381728975,
      "mean_action_oscillation": 0.0430981011570621,
      "total_unmet_demand": 17459620.624396723
    },
    "static_1_to_3": {
      "return": -1257.6927024378679,
      "episode_volume": 9103310.644759145,
      "liquidity_floor": 0.0,
      "final_liquidity": 0.0,
      "mean_liquidity": 21018.17959347217,
      "low_liquidity_steps": 241.15,
      "max_drawdown": 0.9595264233316081,
      "final_token_price": 0.05048788575971182,
      "mean_action_oscillation": 5.952429048539626e-05,
      "total_unmet_demand": 20464505.96173618
    },
    "ppo_vs_static_delta_pct": {
      "episode_volume": 25.007034732023076,
      "mean_liquidity": 149.20620473203817,
      "low_liquidity_steps": 12.357453866887832,
      "max_drawdown": -0.065698390842655,
      "total_unmet_demand": 14.683400336943814
    }
  },
  "oversupply": {
    "ppo_leader": {
      "return": -1105.3787950122266,
      "episode_volume": 13364865.27439122,
      "liquidity_floor": 0.0,
      "final_liquidity": 0.0,
      "mean_liquidity": 305666.32925835816,
      "low_liquidity_steps": 127.05,
      "max_drawdown": 0.962437844270681,
      "final_token_price": 0.050594965045745885,
      "mean_action_oscillation": 0.06779370096676786,
      "total_unmet_demand": 7506458.968417728
    },
    "static_1_to_3": {
      "return": -1194.7637420878966,
      "episode_volume": 10951569.600888336,
      "liquidity_floor": 0.0,
      "final_liquidity": 0.0,
      "mean_liquidity": 135983.18177951503,
      "low_liquidity_steps": 170.75,
      "max_drawdown": 0.9619533605365334,
      "final_token_price": 0.05036639822319838,
      "mean_action_oscillation": 5.952429048539626e-05,
      "total_unmet_demand": 10728536.164818568
    },
    "ppo_vs_static_delta_pct": {
      "episode_volume": 22.036071188436136,
      "mean_liquidity": 124.78245122545353,
      "low_liquidity_steps": 25.592972181551975,
      "max_drawdown": -0.050364576290626434,
      "total_unmet_demand": 30.032775645262774
    }
  },
  "demand_collapse": {
    "ppo_leader": {
      "return": -1144.7327430345726,
      "episode_volume": 11154385.654426672,
      "liquidity_floor": 0.0,
      "final_liquidity": 0.0,
      "mean_liquidity": 177006.70929689388,
      "low_liquidity_steps": 135.05,
      "max_drawdown": 0.9633585034722458,
      "final_token_price": 0.05056361112317671,
      "mean_action_oscillation": 0.06229293782153946,
      "total_unmet_demand": 7980877.4534652755
    },
    "static_1_to_3": {
      "return": -1226.66116039106,
      "episode_volume": 9103310.644759145,
      "liquidity_floor": 0.0,
      "final_liquidity": 0.0,
      "mean_liquidity": 94422.78137795709,
      "low_liquidity_steps": 171.7,
      "max_drawdown": 0.9627597128509734,
      "final_token_price": 0.05031741569680798,
      "mean_action_oscillation": 5.952429048539626e-05,
      "total_unmet_demand": 10765519.322178062
    },
    "ppo_vs_static_delta_pct": {
      "episode_volume": 22.53108885005862,
      "mean_liquidity": 87.46186747917166,
      "low_liquidity_steps": 21.345369831100744,
      "max_drawdown": -0.062195230365349276,
      "total_unmet_demand": 25.866303197990103
    }
  },
  "token_volatility": {
    "ppo_leader": {
      "return": -1153.0177678460918,
      "episode_volume": 11381578.83061128,
      "liquidity_floor": 0.0,
      "final_liquidity": 0.0,
      "mean_liquidity": 62186.921159364596,
      "low_liquidity_steps": 180.8,
      "max_drawdown": 0.9619440667706686,
      "final_token_price": 0.050632532867573396,
      "mean_action_oscillation": 0.04456194443837009,
      "total_unmet_demand": 10981720.014074193
    },
    "static_1_to_3": {
      "return": -1244.5055179767728,
      "episode_volume": 9103310.644759145,
      "liquidity_floor": 0.0,
      "final_liquidity": 0.0,
      "mean_liquidity": 23978.047955810787,
      "low_liquidity_steps": 219.5,
      "max_drawdown": 0.9613357564649163,
      "final_token_price": 0.05039294878699639,
      "mean_action_oscillation": 5.952429048539626e-05,
      "total_unmet_demand": 14164750.452603769
    },
    "ppo_vs_static_delta_pct": {
      "episode_volume": 25.026809198956133,
      "mean_liquidity": 159.349390217123,
      "low_liquidity_steps": 17.630979498861045,
      "max_drawdown": -0.06327761155885579,
      "total_unmet_demand": 22.471489696766735
    }
  },
  "mixed_shock": {
    "ppo_leader": {
      "return": -1190.3400798879766,
      "episode_volume": 9885570.50144747,
      "liquidity_floor": 0.0,
      "final_liquidity": 0.0,
      "mean_liquidity": 52811.89989273803,
      "low_liquidity_steps": 211.05,
      "max_drawdown": 0.9603678268090012,
      "final_token_price": 0.05074214794149327,
      "mean_action_oscillation": 0.043440831657775354,
      "total_unmet_demand": 18548427.2994852
    },
    "static_1_to_3": {
      "return": -1277.73920548179,
      "episode_volume": 7914478.680619793,
      "liquidity_floor": 0.0,
      "final_liquidity": 0.0,
      "mean_liquidity": 21018.17959347217,
      "low_liquidity_steps": 241.15,
      "max_drawdown": 0.9596093062981919,
      "final_token_price": 0.050498026182203705,
      "mean_action_oscillation": 5.952429048539626e-05,
      "total_unmet_demand": 21257006.886606663
    },