{
  "ppo_leader": {
    "return": -894.6029876601118,
    "episode_volume": 11126580.739439465,
    "liquidity_floor": 0.0,
    "final_liquidity": 0.0,
    "mean_liquidity": 99128.06680345848,
    "low_liquidity_steps": 182.9857142857143,
    "max_drawdown": 0.9613376223567006,
    "final_token_price": 0.0505710434525798,
    "mean_action_oscillation": 0.035611488270162917,
    "total_unmet_demand": 13556074.584041981
  },
  "static_1_to_3": {
    "return": -946.7058409759276,
    "episode_volume": 9033334.54514588,
    "liquidity_floor": 0.0,
    "final_liquidity": 0.0,
    "mean_liquidity": 48773.79969278717,
    "low_liquidity_steps": 214.9857142857143,
    "max_drawdown": 0.961122296058865,
    "final_token_price": 0.050406938888987285,
    "mean_action_oscillation": 5.952429048539629e-05,
    "total_unmet_demand": 15265582.768919064
  },
  "ppo_vs_static_delta_pct": {
    "episode_volume": 23.17246398693829,
    "liquidity_floor": 0.0,
    "mean_liquidity": 103.24040248625096,
    "low_liquidity_steps": 14.884709947504817,
    "max_drawdown": -0.02240363153768907,
    "total_unmet_demand": 11.198446929636154
  }
}