{
  "ppo_leader": {
    "return": -1561.7578375212454,
    "episode_volume": 10927311.411519775,
    "liquidity_floor": 0.0,
    "final_liquidity": 0.0,
    "mean_liquidity": 94542.09626348526,
    "low_liquidity_steps": 185.12857142857143,
    "max_drawdown": 0.9613176200311222,
    "final_token_price": 0.05057037782698331,
    "mean_action_oscillation": 0.050709902100482984,
    "total_unmet_demand": 13622665.515221218
  },
  "static_1_to_3": {
    "return": -1614.9433057928286,
    "episode_volume": 9033334.54514588,
    "liquidity_floor": 0.0,
    "final_liquidity": 0.0,
    "mean_liquidity": 48773.79969278717,
    "low_liquidity_steps": 214.9857142857143,
    "max_drawdown": 0.961122296058865,
    "final_token_price": 0.050406938888987285,
    "mean_action_oscillation": 5.952429048539629e-05,
    "total_unmet_demand": 15265582.768919064
  },
  "ppo_vs_static_delta_pct": {
    "episode_volume": 20.96653076345584,
    "liquidity_floor": 0.0,
    "mean_liquidity": 93.837873733398,
    "low_liquidity_steps": 13.887965977805836,
    "max_drawdown": -0.020322488933835516,
    "total_unmet_demand": 10.762230820580582
  }
}