{
  "ppo_leader": {
    "return": -886.4084442845166,
    "episode_volume": 11284541.756290866,
    "liquidity_floor": 0.0,
    "final_liquidity": 0.0,
    "mean_liquidity": 102005.30877562118,
    "low_liquidity_steps": 181.65,
    "max_drawdown": 0.9613395135807248,
    "final_token_price": 0.05057104785921842,
    "mean_action_oscillation": 0.015551651297990124,
    "total_unmet_demand": 13408303.604342543
  },
  "static_1_to_3": {
    "return": -946.7058409759276,
    "episode_volume": 9033334.54514588,
    "liquidity_floor": 0.0,
    "final_liquidity": 0.0,
    "mean_liquidity": 48773.79969278717,
    "low_liquidity_steps": 214.9857142857143,
    "max_drawdown": 0.961122296058865,
    "final_token_price": 0.050406938888987285,
    "mean_action_oscillation": 5.952429048539629e-05,
    "total_unmet_demand": 15265582.768919064
  },
  "ppo_vs_static_delta_pct": {
    "episode_volume": 24.92110969536367,
    "liquidity_floor": 0.0,
    "mean_liquidity": 109.13955734046706,
    "low_liquidity_steps": 15.506013688617184,
    "max_drawdown": -0.02260040400170528,
    "total_unmet_demand": 12.166447836881584
  }
}