{
  "ppo_leader": {
    "return": -1238.3024498739842,
    "episode_volume": 11198214.483137177,
    "liquidity_floor": 0.0,
    "final_liquidity": 0.0,
    "mean_liquidity": 108382.69341393872,
    "low_liquidity_steps": 181.11428571428573,
    "max_drawdown": 0.9613501438426129,
    "final_token_price": 0.050577198594586856,
    "mean_action_oscillation": 0.044247902172543804,
    "total_unmet_demand": 12776561.500156505
  },
  "static_1_to_3": {
    "return": -1316.611420731417,
    "episode_volume": 9033334.54514588,
    "liquidity_floor": 0.0,
    "final_liquidity": 0.0,
    "mean_liquidity": 48773.79969278717,
    "low_liquidity_steps": 214.9857142857143,
    "max_drawdown": 0.961122296058865,
    "final_token_price": 0.050406938888987285,
    "mean_action_oscillation": 5.952429048539629e-05,
    "total_unmet_demand": 15265582.768919064
  },
  "ppo_vs_static_delta_pct": {
    "episode_volume": 23.96545735322743,
    "liquidity_floor": 0.0,
    "mean_liquidity": 122.21498857298728,
    "low_liquidity_steps": 15.755199681041928,
    "max_drawdown": -0.023706429939472848,
    "total_unmet_demand": 16.304790366930767
  }
}