{
  "normal": {
    "ppo_leader": {
      "return": -746.0269045203446,
      "episode_volume": 11444694.432127038,
      "liquidity_floor": 0.0,
      "final_liquidity": 0.0,
      "mean_liquidity": 88273.08729537061,
      "low_liquidity_steps": 157.45,
      "max_drawdown": 0.9666714354552761,
      "final_token_price": 0.050882510802053124,
      "mean_action_oscillation": 0.042416056870882,
      "total_unmet_demand": 8514125.684812825
    },
    "static_1_to_3": {
      "return": -945.260827294004,
      "episode_volume": 9103310.644759145,
      "liquidity_floor": 0.0,
      "final_liquidity": 0.0,
      "mean_liquidity": 23978.047955810787,
      "low_liquidity_steps": 219.5,
      "max_drawdown": 0.9613357564649163,
      "final_token_price": 0.05039294878699639,
      "mean_action_oscillation": 5.952429048539626e-05,
      "total_unmet_demand": 14164750.452603769
    },
    "ppo_vs_static_delta_pct": {
      "episode_volume": 25.720135000730185,
      "mean_liquidity": 268.14125761216815,
      "low_liquidity_steps": 28.268792710706155,
      "max_drawdown": -0.5550276221889942,
      "total_unmet_demand": 39.892158966713346
    }
  },
  "cloudy_supply_drop": {
    "ppo_leader": {
      "return": -796.488542249565,
      "episode_volume": 9997669.761976276,
      "liquidity_floor": 0.0,
      "final_liquidity": 0.0,
      "mean_liquidity": 74405.34217942056,
      "low_liquidity_steps": 192.05,
      "max_drawdown": 0.9666714650392748,
      "final_token_price": 0.05092084984641265,
      "mean_action_oscillation": 0.042189443671737714,
      "total_unmet_demand": 10093113.392062241
    },
    "static_1_to_3": {
      "return": -970.1515452264446,
      "episode_volume": 7954050.95547647,
      "liquidity_floor": 0.0,
      "final_liquidity": 0.0,
      "mean_liquidity": 21018.17959347217,
      "low_liquidity_steps": 241.15,
      "max_drawdown": 0.9613357564649163,
      "final_token_price": 0.05039294878699639,
      "mean_action_oscillation": 5.952429048539626e-05,
      "total_unmet_demand": 15314010.141886443
    },
    "ppo_vs_static_delta_pct": {
      "episode_volume": 25.69280506171194,
      "mean_liquidity": 254.0046931682389,
      "low_liquidity_steps": 20.360771304167525,
      "max_drawdown": -0.555030699573612,
      "total_unmet_demand": 34.09229001059725
    }
  },
  "factory_demand_spike": {
    "ppo_leader": {
      "return": -783.7915602234987,
      "episode_volume": 11446873.682786008,
      "liquidity_floor": 0.0,
      "final_liquidity": 0.0,
      "mean_liquidity": 74121.20583739976,
      "low_liquidity_steps": 191.45,
      "max_drawdown": 0.9640600988278182,
      "final_token_price": 0.05097454367824429,
      "mean_action_oscillation": 0.04379581160214776,
      "total_unmet_demand": 14317419.146321762
    },
    "static_1_to_3": {
      "return": -964.1436762708557,
      "episode_volume": 9103310.644759145,
      "liquidity_floor": 0.0,
      "final_liquidity": 0.0,
      "mean_liquidity": 21018.17959347217,
      "low_liquidity_steps": 241.15,
      "max_drawdown": 0.9595264233316081,
      "final_token_price": 0.05048788575971182,
      "mean_action_oscillation": 5.952429048539626e-05,
      "total_unmet_demand": 20464505.96173618
    },
    "ppo_vs_static_delta_pct": {
      "episode_volume": 25.744074100954396,
      "mean_liquidity": 252.6528332663992,
      "low_liquidity_steps": 20.609579100145144,
      "max_drawdown": -0.4724909482397099,
      "total_unmet_demand": 30.037797281341785
    }
  },
  "oversupply": {
    "ppo_leader": {
      "return": -605.7581676614449,
      "episode_volume": 13582534.862257158,
      "liquidity_floor": 0.0,
      "final_liquidity": 0.0,
      "mean_liquidity": 348541.9314471922,
      "low_liquidity_steps": 107.05,
      "max_drawdown": 0.8979561838864937,
      "final_token_price": 0.5049402737572705,
      "mean_action_oscillation": 0.057761533591366286,
      "total_unmet_demand": 5619645.1253161235
    },
    "static_1_to_3": {
      "return": -894.0269783423288,
      "episode_volume": 10951569.600888336,
      "liquidity_floor": 0.0,
      "final_liquidity": 0.0,
      "mean_liquidity": 135983.18177951503,
      "low_liquidity_steps": 170.75,
      "max_drawdown": 0.9619533605365334,
      "final_token_price": 0.05036639822319838,
      "mean_action_oscillation": 5.952429048539626e-05,
      "total_unmet_demand": 10728536.164818568
    },
    "ppo_vs_static_delta_pct": {
      "episode_volume": 24.023636403273297,
      "mean_liquidity": 156.3125284215829,
      "low_liquidity_steps": 37.30600292825768,
      "max_drawdown": 6.652835706540387,
      "total_unmet_demand": 47.619646902582275
    }
  },
  "demand_collapse": {
    "ppo_leader": {
      "return": -663.5325807794271,
      "episode_volume": 11292894.03129026,
      "liquidity_floor": 0.0,
      "final_liquidity": 0.0,
      "mean_liquidity": 208589.17777537828,
      "low_liquidity_steps": 114.5,
      "max_drawdown": 0.9420653366497364,
      "final_token_price": 0.1112389215265694,
      "mean_action_oscillation": 0.055348789110957565,
      "total_unmet_demand": 5991839.662782534
    },
    "static_1_to_3": {
      "return": -924.2218329391623,
      "episode_volume": 9103310.644759145,
      "liquidity_floor": 0.0,
      "final_liquidity": 0.0,
      "mean_liquidity": 94422.78137795709,
      "low_liquidity_steps": 171.7,
      "max_drawdown": 0.9627597128509734,
      "final_token_price": 0.05031741569680798,
      "mean_action_oscillation": 5.952429048539626e-05,
      "total_unmet_demand": 10765519.322178062
    },
    "ppo_vs_static_delta_pct": {
      "episode_volume": 24.052605386938836,
      "mean_liquidity": 120.90980029536944,
      "low_liquidity_steps": 33.31391962725684,
      "max_drawdown": 2.149485061018579,
      "total_unmet_demand": 44.34230729177424
    }
  },
  "token_volatility": {
    "ppo_leader": {
      "return": -749.1024695271869,
      "episode_volume": 11445578.907934098,
      "liquidity_floor": 0.0,
      "final_liquidity": 0.0,
      "mean_liquidity": 88276.65343695602,
      "low_liquidity_steps": 157.45,
      "max_drawdown": 0.9666714354552761,
      "final_token_price": 0.050882512113552034,
      "mean_action_oscillation": 0.04218285488286278,
      "total_unmet_demand": 8513641.529054377
    },
    "static_1_to_3": {
      "return": -945.260827294004,
      "episode_volume": 9103310.644759145,
      "liquidity_floor": 0.0,
      "final_liquidity": 0.0,
      "mean_liquidity": 23978.047955810787,
      "low_liquidity_steps": 219.5,
      "max_drawdown": 0.9613357564649163,
      "final_token_price": 0.05039294878699639,
      "mean_action_oscillation": 5.952429048539626e-05,
      "total_unmet_demand": 14164750.452603769
    },
    "ppo_vs_static_delta_pct": {
      "episode_volume": 25.729850980350946,
      "mean_liquidity": 268.1561301388725,
      "low_liquidity_steps": 28.268792710706155,
      "max_drawdown": -0.5550276221889942,
      "total_unmet_demand": 39.895576999103454
    }
  },
  "mixed_shock": {
    "ppo_leader": {
      "return": -813.4730461071425,
      "episode_volume": 9949665.801978368,
      "liquidity_floor": 0.0,
      "final_liquidity": 0.0,
      "mean_liquidity": 74644.15547984747,
      "low_liquidity_steps": 192.1,
      "max_drawdown": 0.9641898698851783,
      "final_token_price": 0.05101127005393088,
      "mean_action_oscillation": 0.0422206199703642,
      "total_unmet_demand": 15626158.926329676
    },
    "static_1_to_3": {
      "return": -983.8751994646931,
      "episode_volume": 7914478.680619793,
      "liquidity_floor": 0.0,
      "final_liquidity": 0.0,
      "mean_liquidity": 21018.17959347217,
      "low_liquidity_steps": 241.15,
      "max_drawdown": 0.9596093062981919,
      "final_token_price": 0.050498026182203705,
      "mean_action_oscillation": 5.952429048539626e-05,
      "total_unmet_demand": 21257006.886606663
    },
    "ppo_vs_static_delta_pct": {
      "episode_volume": 25.714733761835053,