{
  "ppo_leader": {
    "return": -736.8818958669442,
    "episode_volume": 11308558.78290703,
    "liquidity_floor": 0.0,
    "final_liquidity": 0.0,
    "mean_liquidity": 136693.07906450928,
    "low_liquidity_steps": 158.86428571428573,
    "max_drawdown": 0.9526122607427222,
    "final_token_price": 0.12440726882543325,
    "mean_action_oscillation": 0.04655930138575975,
    "total_unmet_demand": 9810849.066668503
  },
  "static_1_to_3": {
    "return": -946.7058409759276,
    "episode_volume": 9033334.54514588,
    "liquidity_floor": 0.0,
    "final_liquidity": 0.0,
    "mean_liquidity": 48773.79969278717,
    "low_liquidity_steps": 214.9857142857143,
    "max_drawdown": 0.961122296058865,
    "final_token_price": 0.050406938888987285,
    "mean_action_oscillation": 5.952429048539629e-05,
    "total_unmet_demand": 15265582.768919064
  },
  "ppo_vs_static_delta_pct": {
    "episode_volume": 25.186980803049693,
    "liquidity_floor": 0.0,
    "mean_liquidity": 180.25923738872427,
    "low_liquidity_steps": 26.104724566416373,
    "max_drawdown": 0.8854268963521785,
    "total_unmet_demand": 35.73223364493148
  }
}