{
  "ppo_leader": {
    "return": -808.9786470631857,
    "episode_volume": 11353808.075868895,
    "liquidity_floor": 0.0,
    "final_liquidity": 0.0,
    "mean_liquidity": 120221.77611462904,
    "low_liquidity_steps": 170.82142857142858,
    "max_drawdown": 0.96065604808828,
    "final_token_price": 0.06528779217322432,
    "mean_action_oscillation": 0.029273734184728246,
    "total_unmet_demand": 10584077.470008625
  },
  "static_1_to_3": {
    "return": -946.7058409759276,
    "episode_volume": 9033334.54514588,
    "liquidity_floor": 0.0,
    "final_liquidity": 0.0,
    "mean_liquidity": 48773.79969278717,
    "low_liquidity_steps": 214.9857142857143,
    "max_drawdown": 0.961122296058865,
    "final_token_price": 0.050406938888987285,
    "mean_action_oscillation": 5.952429048539629e-05,
    "total_unmet_demand": 15265582.768919064
  },
  "ppo_vs_static_delta_pct": {
    "episode_volume": 25.687895418087177,
    "liquidity_floor": 0.0,
    "mean_liquidity": 146.48843615193636,
    "low_liquidity_steps": 20.542893215496044,
    "max_drawdown": 0.04851078499551072,
    "total_unmet_demand": 30.66705916030961
  }
}