{
  "ppo_leader": {
    "return": -1628.5084213408768,
    "episode_volume": 10917030.222686598,
    "liquidity_floor": 0.0,
    "final_liquidity": 0.0,
    "mean_liquidity": 92941.89645172496,
    "low_liquidity_steps": 185.5857142857143,
    "max_drawdown": 0.9612750507384443,
    "final_token_price": 0.05057083127660166,
    "mean_action_oscillation": 0.04785160873426919,
    "total_unmet_demand": 13689914.859858768
  },
  "static_1_to_3": {
    "return": -1679.3142158629955,
    "episode_volume": 9033334.54514588,
    "liquidity_floor": 0.0,
    "final_liquidity": 0.0,
    "mean_liquidity": 48773.79969278717,
    "low_liquidity_steps": 214.9857142857143,
    "max_drawdown": 0.961122296058865,
    "final_token_price": 0.050406938888987285,
    "mean_action_oscillation": 5.952429048539629e-05,
    "total_unmet_demand": 15265582.768919064
  },
  "ppo_vs_static_delta_pct": {
    "episode_volume": 20.852716880201605,
    "liquidity_floor": 0.0,
    "mean_liquidity": 90.55701429279766,
    "low_liquidity_steps": 13.675327264270052,
    "max_drawdown": -0.015893365517134855,
    "total_unmet_demand": 10.321701653397584
  }
}