{
  "ppo_leader": {
    "return": -887.3018392834698,
    "episode_volume": 11270748.717057714,
    "liquidity_floor": 0.0,
    "final_liquidity": 0.0,
    "mean_liquidity": 101858.97276654163,
    "low_liquidity_steps": 181.72857142857143,
    "max_drawdown": 0.961338614461646,
    "final_token_price": 0.05057104781947671,
    "mean_action_oscillation": 0.018222221350676738,
    "total_unmet_demand": 13421669.545793336
  },
  "static_1_to_3": {
    "return": -946.7058409759276,
    "episode_volume": 9033334.54514588,
    "liquidity_floor": 0.0,
    "final_liquidity": 0.0,
    "mean_liquidity": 48773.79969278717,
    "low_liquidity_steps": 214.9857142857143,
    "max_drawdown": 0.961122296058865,
    "final_token_price": 0.050406938888987285,
    "mean_action_oscillation": 5.952429048539629e-05,
    "total_unmet_demand": 15265582.768919064
  },
  "ppo_vs_static_delta_pct": {
    "episode_volume": 24.768419244631236,
    "liquidity_floor": 0.0,
    "mean_liquidity": 108.83952738585768,
    "low_liquidity_steps": 15.469466409728225,
    "max_drawdown": -0.022506855128431567,
    "total_unmet_demand": 12.078891785775518
  }
}