{
  "ppo_leader": {
    "return": -735.8645200316661,
    "episode_volume": 11325875.781202054,
    "liquidity_floor": 0.0,
    "final_liquidity": 0.0,
    "mean_liquidity": 169870.72102670238,
    "low_liquidity_steps": 155.75,
    "max_drawdown": 0.9417491186637784,
    "final_token_price": 0.6405777803018472,
    "mean_action_oscillation": 0.006852584965939513,
    "total_unmet_demand": 9940511.12116881
  },
  "static_1_to_3": {
    "return": -946.7058409587443,
    "episode_volume": 9033334.54514588,
    "liquidity_floor": 0.0,
    "final_liquidity": 0.0,
    "mean_liquidity": 48773.79969278717,
    "low_liquidity_steps": 214.9857142857143,
    "max_drawdown": 0.9611222960512119,
    "final_token_price": 0.050406938888987285,
    "mean_action_oscillation": 5.952420178800821e-05,
    "total_unmet_demand": 15265582.768919064
  },
  "ppo_vs_static_delta_pct": {
    "episode_volume": 25.378681865469986,
    "liquidity_floor": 0.0,
    "mean_liquidity": 248.28272986044064,
    "low_liquidity_steps": 27.553325802378897,
    "max_drawdown": 2.015682860238342,
    "total_unmet_demand": 34.882858573812015
  }
}