{
  "normal": {
    "ppo_leader": {
      "return": -877.7340776120272,
      "episode_volume": 11355198.959096929,
      "liquidity_floor": 0.0,
      "final_liquidity": 0.0,
      "mean_liquidity": 62336.295982152296,
      "low_liquidity_steps": 179.95,
      "max_drawdown": 0.9615327737944147,
      "final_token_price": 0.0507192478536644,
      "mean_action_oscillation": 0.04188142428864288,
      "total_unmet_demand": 11562214.929905567
    },
    "static_1_to_3": {
      "return": -945.260827294004,
      "episode_volume": 9103310.644759145,
      "liquidity_floor": 0.0,
      "final_liquidity": 0.0,
      "mean_liquidity": 23978.047955810787,
      "low_liquidity_steps": 219.5,
      "max_drawdown": 0.9613357564649163,
      "final_token_price": 0.05039294878699639,
      "mean_action_oscillation": 5.952429048539626e-05,
      "total_unmet_demand": 14164750.452603769
    },
    "ppo_vs_static_delta_pct": {
      "episode_volume": 24.737025926213075,
      "mean_liquidity": 159.97235511844846,
      "low_liquidity_steps": 18.01822323462415,
      "max_drawdown": -0.020494122700988358,
      "total_unmet_demand": 18.373324199437644
    }
  },
  "cloudy_supply_drop": {
    "ppo_leader": {
      "return": -908.2729712008907,
      "episode_volume": 9925558.515009444,
      "liquidity_floor": 0.0,
      "final_liquidity": 0.0,
      "mean_liquidity": 52506.033468731584,
      "low_liquidity_steps": 210.85,
      "max_drawdown": 0.961533782254608,
      "final_token_price": 0.050721512584659866,
      "mean_action_oscillation": 0.03759724517694044,
      "total_unmet_demand": 13088559.790445445
    },
    "static_1_to_3": {
      "return": -970.1515452264446,
      "episode_volume": 7954050.95547647,
      "liquidity_floor": 0.0,
      "final_liquidity": 0.0,
      "mean_liquidity": 21018.17959347217,
      "low_liquidity_steps": 241.15,
      "max_drawdown": 0.9613357564649163,
      "final_token_price": 0.05039294878699639,
      "mean_action_oscillation": 5.952429048539626e-05,
      "total_unmet_demand": 15314010.141886443
    },
    "ppo_vs_static_delta_pct": {
      "episode_volume": 24.786207312081203,
      "mean_liquidity": 149.8124694159475,
      "low_liquidity_steps": 12.564793696869172,
      "max_drawdown": -0.020599024675814488,
      "total_unmet_demand": 14.532120135887919
    }
  },
  "factory_demand_spike": {
    "ppo_leader": {
      "return": -899.7023340246527,
      "episode_volume": 11370511.959831372,
      "liquidity_floor": 0.0,
      "final_liquidity": 0.0,
      "mean_liquidity": 52303.17325151142,
      "low_liquidity_steps": 211.05,
      "max_drawdown": 0.9598096463802429,
      "final_token_price": 0.050787529610350046,
      "mean_action_oscillation": 0.03927120961441989,
      "total_unmet_demand": 17962377.234871954
    },
    "static_1_to_3": {
      "return": -964.1436762708557,
      "episode_volume": 9103310.644759145,
      "liquidity_floor": 0.0,
      "final_liquidity": 0.0,
      "mean_liquidity": 21018.17959347217,
      "low_liquidity_steps": 241.15,
      "max_drawdown": 0.9595264233316081,
      "final_token_price": 0.05048788575971182,
      "mean_action_oscillation": 5.952429048539626e-05,
      "total_unmet_demand": 20464505.96173618
    },
    "ppo_vs_static_delta_pct": {
      "episode_volume": 24.90523946227711,
      "mean_liquidity": 148.84730392043917,
      "low_liquidity_steps": 12.481857764876631,
      "max_drawdown": -0.0295169618832828,
      "total_unmet_demand": 12.226675452330094
    }
  },
  "oversupply": {
    "ppo_leader": {
      "return": -826.0170210479664,
      "episode_volume": 13312653.317980878,
      "liquidity_floor": 0.0,
      "final_liquidity": 0.0,
      "mean_liquidity": 284270.9611539665,
      "low_liquidity_steps": 128.8,
      "max_drawdown": 0.9621181736991138,
      "final_token_price": 0.05070040675761064,
      "mean_action_oscillation": 0.056576475068426,
      "total_unmet_demand": 8046354.08739226
    },
    "static_1_to_3": {
      "return": -894.0269783423288,
      "episode_volume": 10951569.600888336,
      "liquidity_floor": 0.0,
      "final_liquidity": 0.0,
      "mean_liquidity": 135983.18177951503,
      "low_liquidity_steps": 170.75,
      "max_drawdown": 0.9619533605365334,
      "final_token_price": 0.05036639822319838,
      "mean_action_oscillation": 5.952429048539626e-05,
      "total_unmet_demand": 10728536.164818568
    },
    "ppo_vs_static_delta_pct": {
      "episode_volume": 21.559318007722133,
      "mean_liquidity": 109.04861721421351,
      "low_liquidity_steps": 24.568081991215223,
      "max_drawdown": -0.017133176029294164,
      "total_unmet_demand": 25.00044774255246
    }
  },
  "demand_collapse": {
    "ppo_leader": {
      "return": -860.3305903206635,
      "episode_volume": 11154587.594200404,
      "liquidity_floor": 0.0,
      "final_liquidity": 0.0,
      "mean_liquidity": 173880.5698486679,
      "low_liquidity_steps": 135.75,
      "max_drawdown": 0.9628835318895078,
      "final_token_price": 0.050672658122731654,
      "mean_action_oscillation": 0.05415279460146473,
      "total_unmet_demand": 8425843.437030597
    },
    "static_1_to_3": {
      "return": -924.2218329391623,
      "episode_volume": 9103310.644759145,
      "liquidity_floor": 0.0,
      "final_liquidity": 0.0,
      "mean_liquidity": 94422.78137795709,
      "low_liquidity_steps": 171.7,
      "max_drawdown": 0.9627597128509734,
      "final_token_price": 0.05031741569680798,
      "mean_action_oscillation": 5.952429048539626e-05,
      "total_unmet_demand": 10765519.322178062
    },
    "ppo_vs_static_delta_pct": {
      "episode_volume": 22.53330716141383,
      "mean_liquidity": 84.15107806733191,
      "low_liquidity_steps": 20.937682003494462,
      "max_drawdown": -0.012860845430243815,
      "total_unmet_demand": 21.7330517472343
    }
  },
  "token_volatility": {
    "ppo_leader": {
      "return": -877.7365237450751,
      "episode_volume": 11355387.626938557,
      "liquidity_floor": 0.0,
      "final_liquidity": 0.0,
      "mean_liquidity": 62320.379638181614,
      "low_liquidity_steps": 179.95,
      "max_drawdown": 0.9615327737944147,
      "final_token_price": 0.0507192478536644,
      "mean_action_oscillation": 0.041890370384544934,
      "total_unmet_demand": 11564615.874115223
    },
    "static_1_to_3": {
      "return": -945.260827294004,
      "episode_volume": 9103310.644759145,
      "liquidity_floor": 0.0,
      "final_liquidity": 0.0,
      "mean_liquidity": 23978.047955810787,
      "low_liquidity_steps": 219.5,
      "max_drawdown": 0.9613357564649163,
      "final_token_price": 0.05039294878699639,
      "mean_action_oscillation": 5.952429048539626e-05,
      "total_unmet_demand": 14164750.452603769
    },
    "ppo_vs_static_delta_pct": {
      "episode_volume": 24.739098445200845,
      "mean_liquidity": 159.90597630395945,
      "low_liquidity_steps": 18.01822323462415,
      "max_drawdown": -0.020494122700988358,
      "total_unmet_demand": 18.356374065245802
    }
  },
  "mixed_shock": {
    "ppo_leader": {
      "return": -923.5948092293551,
      "episode_volume": 9882690.629579686,
      "liquidity_floor": 0.0,
      "final_liquidity": 0.0,
      "mean_liquidity": 52508.35439889303,
      "low_liquidity_steps": 210.75,
      "max_drawdown": 0.9598949248131807,
      "final_token_price": 0.05079819439372303,
      "mean_action_oscillation": 0.03732227386520465,
      "total_unmet_demand": 19071028.337701976
    },
    "static_1_to_3": {
      "return": -983.8751994646931,
      "episode_volume": 7914478.680619793,
      "liquidity_floor": 0.0,
      "final_liquidity": 0.0,
      "mean_liquidity": 21018.17959347217,
      "low_liquidity_steps": 241.15,
      "max_drawdown": 0.9596093062981919,
      "final_token_price": 0.050498026182203705,
      "mean_action_oscillation": 5.952429048539626e-05,
      "total_unmet_demand": 21257006.886606663
    },