{
  "ppo_leader": {
    "return": -881.9126181686615,
    "episode_volume": 11193798.371805325,
    "liquidity_floor": 0.0,
    "final_liquidity": 0.0,
    "mean_liquidity": 105732.25253458634,
    "low_liquidity_steps": 179.5857142857143,
    "max_drawdown": 0.9613293723750691,
    "final_token_price": 0.05073125673948628,
    "mean_action_oscillation": 0.04409882757137765,
    "total_unmet_demand": 12817284.813066145
  },
  "static_1_to_3": {
    "return": -946.7058409759276,
    "episode_volume": 9033334.54514588,
    "liquidity_floor": 0.0,
    "final_liquidity": 0.0,
    "mean_liquidity": 48773.79969278717,
    "low_liquidity_steps": 214.9857142857143,
    "max_drawdown": 0.961122296058865,
    "final_token_price": 0.050406938888987285,
    "mean_action_oscillation": 5.952429048539629e-05,
    "total_unmet_demand": 15265582.768919064
  },
  "ppo_vs_static_delta_pct": {
    "episode_volume": 23.91657051847353,
    "liquidity_floor": 0.0,
    "mean_liquidity": 116.78083971428285,
    "low_liquidity_steps": 16.466210379427206,
    "max_drawdown": -0.021545261935262457,
    "total_unmet_demand": 16.038024836088713
  }
}