{
  "ppo_leader": {
    "return": -812.3038970568172,
    "episode_volume": 11399340.533632666,
    "liquidity_floor": 0.0,
    "final_liquidity": 0.0,
    "mean_liquidity": 136071.08469721937,
    "low_liquidity_steps": 170.82857142857142,
    "max_drawdown": 0.9599881083355251,
    "final_token_price": 0.0946835282632053,
    "mean_action_oscillation": 0.0178629038940549,
    "total_unmet_demand": 10600938.541522639
  },
  "static_1_to_3": {
    "return": -946.7058409759276,
    "episode_volume": 9033334.54514588,
    "liquidity_floor": 0.0,
    "final_liquidity": 0.0,
    "mean_liquidity": 48773.79969278717,
    "low_liquidity_steps": 214.9857142857143,
    "max_drawdown": 0.961122296058865,
    "final_token_price": 0.050406938888987285,
    "mean_action_oscillation": 5.952429048539629e-05,
    "total_unmet_demand": 15265582.768919064
  },
  "ppo_vs_static_delta_pct": {
    "episode_volume": 26.191944698407895,
    "liquidity_floor": 0.0,
    "mean_liquidity": 178.98397408915017,
    "low_liquidity_steps": 20.539570735597056,
    "max_drawdown": 0.11800659791066669,
    "total_unmet_demand": 30.556607618634153
  }
}