{
  "ppo_leader": {
    "return": -912.2875355395596,
    "episode_volume": 10758847.924857045,
    "liquidity_floor": 0.0,
    "final_liquidity": 0.0,
    "mean_liquidity": 85232.00958567404,
    "low_liquidity_steps": 188.15714285714284,
    "max_drawdown": 0.9612353232053213,
    "final_token_price": 0.05057111628062142,
    "mean_action_oscillation": 0.04343314314640837,
    "total_unmet_demand": 13905751.041737301
  },
  "static_1_to_3": {
    "return": -946.7058409759276,
    "episode_volume": 9033334.54514588,
    "liquidity_floor": 0.0,
    "final_liquidity": 0.0,
    "mean_liquidity": 48773.79969278717,
    "low_liquidity_steps": 214.9857142857143,
    "max_drawdown": 0.961122296058865,
    "final_token_price": 0.050406938888987285,
    "mean_action_oscillation": 5.952429048539629e-05,
    "total_unmet_demand": 15265582.768919064
  },
  "ppo_vs_static_delta_pct": {
    "episode_volume": 19.101621567180636,
    "liquidity_floor": 0.0,
    "mean_liquidity": 74.74957891845041,
    "low_liquidity_steps": 12.47923450063128,
    "max_drawdown": -0.011759913064113576,
    "total_unmet_demand": 8.907827154495527
  }
}