{
  "ppo_leader": {
    "return": -765.6202732018703,
    "episode_volume": 11266977.481475387,
    "liquidity_floor": 0.0,
    "final_liquidity": 0.0,
    "mean_liquidity": 145446.1719697215,
    "low_liquidity_steps": 161.02857142857144,
    "max_drawdown": 0.9534162665558065,
    "final_token_price": 0.15883702091057073,
    "mean_action_oscillation": 0.04200247328132869,
    "total_unmet_demand": 10286925.623676287
  },
  "static_1_to_3": {
    "return": -946.7058409587443,
    "episode_volume": 9033334.54514588,
    "liquidity_floor": 0.0,
    "final_liquidity": 0.0,
    "mean_liquidity": 48773.79969278717,
    "low_liquidity_steps": 214.9857142857143,
    "max_drawdown": 0.9611222960512119,
    "final_token_price": 0.050406938888987285,
    "mean_action_oscillation": 5.952420178800821e-05,
    "total_unmet_demand": 15265582.768919064
  },
  "ppo_vs_static_delta_pct": {
    "episode_volume": 24.72667125485537,
    "liquidity_floor": 0.0,
    "mean_liquidity": 198.2055383953007,
    "low_liquidity_steps": 25.098013157020397,
    "max_drawdown": 0.801774085053047,
    "total_unmet_demand": 32.61360683444979
  }
}