{
  "ppo_leader": {
    "return": -716.7202489063023,
    "episode_volume": 11399591.991530547,
    "liquidity_floor": 0.0,
    "final_liquidity": 0.0,
    "mean_liquidity": 176254.20162122327,
    "low_liquidity_steps": 154.31428571428572,
    "max_drawdown": 0.9404185211391436,
    "final_token_price": 0.8493877332344125,
    "mean_action_oscillation": 0.002152317137691845,
    "total_unmet_demand": 9359901.968209155
  },
  "static_1_to_3": {
    "return": -946.7058409759276,
    "episode_volume": 9033334.54514588,
    "liquidity_floor": 0.0,
    "final_liquidity": 0.0,
    "mean_liquidity": 48773.79969278717,
    "low_liquidity_steps": 214.9857142857143,
    "max_drawdown": 0.961122296058865,
    "final_token_price": 0.050406938888987285,
    "mean_action_oscillation": 5.952429048539629e-05,
    "total_unmet_demand": 15265582.768919064
  },
  "ppo_vs_static_delta_pct": {
    "episode_volume": 26.19472836480068,
    "liquidity_floor": 0.0,
    "mean_liquidity": 261.37065951679034,
    "low_liquidity_steps": 28.221144262077217,
    "max_drawdown": 2.1541249229799777,
    "total_unmet_demand": 38.686245327849235
  }
}