{
  "ppo_leader": {
    "return": -867.0180668301923,
    "episode_volume": 11336998.069250315,
    "liquidity_floor": 0.0,
    "final_liquidity": 0.0,
    "mean_liquidity": 118689.26391557521,
    "low_liquidity_steps": 178.19285714285715,
    "max_drawdown": 0.9614142056161977,
    "final_token_price": 0.05092573892225366,
    "mean_action_oscillation": 0.03488214306464049,
    "total_unmet_demand": 12380482.884932587
  },
  "static_1_to_3": {
    "return": -946.7058409759276,
    "episode_volume": 9033334.54514588,
    "liquidity_floor": 0.0,
    "final_liquidity": 0.0,
    "mean_liquidity": 48773.79969278717,
    "low_liquidity_steps": 214.9857142857143,
    "max_drawdown": 0.961122296058865,
    "final_token_price": 0.050406938888987285,
    "mean_action_oscillation": 5.952429048539629e-05,
    "total_unmet_demand": 15265582.768919064
  },
  "ppo_vs_static_delta_pct": {
    "episode_volume": 25.501806808896756,
    "liquidity_floor": 0.0,
    "mean_liquidity": 143.34635534480896,
    "low_liquidity_steps": 17.114093959731544,
    "max_drawdown": -0.030371739218797218,
    "total_unmet_demand": 18.89937598622556
  }
}