{
  "ppo_leader": {
    "return": -759.0227998276162,
    "episode_volume": 11312313.489800647,
    "liquidity_floor": 0.0,
    "final_liquidity": 0.0,
    "mean_liquidity": 159743.27047939214,
    "low_liquidity_steps": 158.5,
    "max_drawdown": 0.9481561645420639,
    "final_token_price": 0.29614883365112404,
    "mean_action_oscillation": 0.015293536355010197,
    "total_unmet_demand": 10148200.723255634
  },
  "static_1_to_3": {
    "return": -946.7058409759276,
    "episode_volume": 9033334.54514588,
    "liquidity_floor": 0.0,
    "final_liquidity": 0.0,
    "mean_liquidity": 48773.79969278717,
    "low_liquidity_steps": 214.9857142857143,
    "max_drawdown": 0.961122296058865,
    "final_token_price": 0.050406938888987285,
    "mean_action_oscillation": 5.952429048539629e-05,
    "total_unmet_demand": 15265582.768919064
  },
  "ppo_vs_static_delta_pct": {
    "episode_volume": 25.228545818436338,
    "liquidity_floor": 0.0,
    "mean_liquidity": 227.51860934676267,
    "low_liquidity_steps": 26.274171041265202,
    "max_drawdown": 1.3490615679159133,
    "total_unmet_demand": 33.5223497401127
  }
}