{
  "ppo_leader": {
    "return": -795.2659175595832,
    "episode_volume": 11365120.856865648,
    "liquidity_floor": 0.0,
    "final_liquidity": 0.0,
    "mean_liquidity": 125523.83998044772,
    "low_liquidity_steps": 167.9142857142857,
    "max_drawdown": 0.9593248828042219,
    "final_token_price": 0.07881358289595167,
    "mean_action_oscillation": 0.025188853521124342,
    "total_unmet_demand": 10348234.81111491
  },
  "static_1_to_3": {
    "return": -946.7058409759276,
    "episode_volume": 9033334.54514588,
    "liquidity_floor": 0.0,
    "final_liquidity": 0.0,
    "mean_liquidity": 48773.79969278717,
    "low_liquidity_steps": 214.9857142857143,
    "max_drawdown": 0.961122296058865,
    "final_token_price": 0.050406938888987285,
    "mean_action_oscillation": 5.952429048539629e-05,
    "total_unmet_demand": 15265582.768919064
  },
  "ppo_vs_static_delta_pct": {
    "episode_volume": 25.813129139258635,
    "liquidity_floor": 0.0,
    "mean_liquidity": 157.3591575212267,
    "low_liquidity_steps": 21.895142534387674,
    "max_drawdown": 0.18701191950426102,
    "total_unmet_demand": 32.21198975656496
  }
}