{
  "ppo_leader": {
    "return": -861.676177928688,
    "episode_volume": 11359954.057439402,
    "liquidity_floor": 0.0,
    "final_liquidity": 0.0,
    "mean_liquidity": 121502.91465009136,
    "low_liquidity_steps": 177.30714285714285,
    "max_drawdown": 0.9614984497047943,
    "final_token_price": 0.051422825090656044,
    "mean_action_oscillation": 0.030522475938479232,
    "total_unmet_demand": 12163718.701971924
  },
  "static_1_to_3": {
    "return": -946.7058409759276,
    "episode_volume": 9033334.54514588,
    "liquidity_floor": 0.0,
    "final_liquidity": 0.0,
    "mean_liquidity": 48773.79969278717,
    "low_liquidity_steps": 214.9857142857143,
    "max_drawdown": 0.961122296058865,
    "final_token_price": 0.050406938888987285,
    "mean_action_oscillation": 5.952429048539629e-05,
    "total_unmet_demand": 15265582.768919064
  },
  "ppo_vs_static_delta_pct": {
    "episode_volume": 25.755932105312592,
    "liquidity_floor": 0.0,
    "mean_liquidity": 149.11513028594246,
    "low_liquidity_steps": 17.52608146720713,
    "max_drawdown": -0.0391369181083077,
    "total_unmet_demand": 20.319329526433656
  }
}