{
  "ppo_leader": {
    "return": -875.9118557678823,
    "episode_volume": 11374605.869128037,
    "liquidity_floor": 0.0,
    "final_liquidity": 0.0,
    "mean_liquidity": 110724.41636958194,
    "low_liquidity_steps": 180.35,
    "max_drawdown": 0.9613733716927682,
    "final_token_price": 0.05057213939138471,
    "mean_action_oscillation": 0.009665534716513,
    "total_unmet_demand": 13033494.378262693
  },
  "static_1_to_3": {
    "return": -946.7058409759276,
    "episode_volume": 9033334.54514588,
    "liquidity_floor": 0.0,
    "final_liquidity": 0.0,
    "mean_liquidity": 48773.79969278717,
    "low_liquidity_steps": 214.9857142857143,
    "max_drawdown": 0.961122296058865,
    "final_token_price": 0.050406938888987285,
    "mean_action_oscillation": 5.952429048539629e-05,
    "total_unmet_demand": 15265582.768919064
  },
  "ppo_vs_static_delta_pct": {
    "episode_volume": 25.918129260918978,
    "liquidity_floor": 0.0,
    "mean_liquidity": 127.01617890548772,
    "low_liquidity_steps": 16.110705030234573,
    "max_drawdown": -0.026123172350978763,
    "total_unmet_demand": 14.621704421274588
  }
}