{
  "ppo_leader": {
    "return": -840.8449174848457,
    "episode_volume": 11378329.29232008,
    "liquidity_floor": 0.0,
    "final_liquidity": 0.0,
    "mean_liquidity": 121909.76626462377,
    "low_liquidity_steps": 176.77857142857144,
    "max_drawdown": 0.9615927020924232,
    "final_token_price": 0.05434748818395079,
    "mean_action_oscillation": 0.02182248763736868,
    "total_unmet_demand": 11348504.156655338
  },
  "static_1_to_3": {
    "return": -946.7058409759276,
    "episode_volume": 9033334.54514588,
    "liquidity_floor": 0.0,
    "final_liquidity": 0.0,
    "mean_liquidity": 48773.79969278717,
    "low_liquidity_steps": 214.9857142857143,
    "max_drawdown": 0.961122296058865,
    "final_token_price": 0.050406938888987285,
    "mean_action_oscillation": 5.952429048539629e-05,
    "total_unmet_demand": 15265582.768919064
  },
  "ppo_vs_static_delta_pct": {
    "episode_volume": 25.959347962312517,
    "liquidity_floor": 0.0,
    "mean_liquidity": 149.94929046434777,
    "low_liquidity_steps": 17.77194497973287,
    "max_drawdown": -0.04894341079039748,
    "total_unmet_demand": 25.659541935332804
  }
}