{
  "ppo_leader": {
    "return": -732.0500126290733,
    "episode_volume": 11334805.879754018,
    "liquidity_floor": 0.0,
    "final_liquidity": 0.0,
    "mean_liquidity": 169843.23220844523,
    "low_liquidity_steps": 155.27857142857144,
    "max_drawdown": 0.9421284300646557,
    "final_token_price": 0.6535743988951518,
    "mean_action_oscillation": 0.022746274620256312,
    "total_unmet_demand": 9884922.917561237
  },
  "static_1_to_3": {
    "return": -946.7058409587443,
    "episode_volume": 9033334.54514588,
    "liquidity_floor": 0.0,
    "final_liquidity": 0.0,
    "mean_liquidity": 48773.79969278717,
    "low_liquidity_steps": 214.9857142857143,
    "max_drawdown": 0.9611222960512119,
    "final_token_price": 0.050406938888987285,
    "mean_action_oscillation": 5.952420178800821e-05,
    "total_unmet_demand": 15265582.768919064
  },
  "ppo_vs_static_delta_pct": {
    "episode_volume": 25.47753903175044,
    "liquidity_floor": 0.0,
    "mean_liquidity": 248.22637005572935,
    "low_liquidity_steps": 27.77260947571267,
    "max_drawdown": 1.9762173934152611,
    "total_unmet_demand": 35.24699929774659
  }
}