{
  "ppo_leader": {
    "return": -719.5219763366953,
    "episode_volume": 11392283.85730281,
    "liquidity_floor": 0.0,
    "final_liquidity": 0.0,
    "mean_liquidity": 178122.3287144013,
    "low_liquidity_steps": 154.11428571428573,
    "max_drawdown": 0.9403253811799628,
    "final_token_price": 0.8932974677747028,
    "mean_action_oscillation": 0.024041434368562126,
    "total_unmet_demand": 9387335.817379761
  },
  "static_1_to_3": {
    "return": -946.7058409759276,
    "episode_volume": 9033334.54514588,
    "liquidity_floor": 0.0,
    "final_liquidity": 0.0,
    "mean_liquidity": 48773.79969278717,
    "low_liquidity_steps": 214.9857142857143,
    "max_drawdown": 0.961122296058865,
    "final_token_price": 0.050406938888987285,
    "mean_action_oscillation": 5.952429048539629e-05,
    "total_unmet_demand": 15265582.768919064
  },
  "ppo_vs_static_delta_pct": {
    "episode_volume": 26.113826520733976,
    "liquidity_floor": 0.0,
    "mean_liquidity": 265.2008452003845,
    "low_liquidity_steps": 28.314173699249118,
    "max_drawdown": 2.1638156730086404,
    "total_unmet_demand": 38.50653486683452
  }
}