{
  "normal": {
    "ppo_leader": {
      "return": -793.5386241753098,
      "episode_volume": 11460404.17946015,
      "liquidity_floor": 0.0,
      "final_liquidity": 0.0,
      "mean_liquidity": 77397.45078598485,
      "low_liquidity_steps": 164.15,
      "max_drawdown": 0.9646142229427692,
      "final_token_price": 0.05095149902598363,
      "mean_action_oscillation": 0.03183320307483276,
      "total_unmet_demand": 9029897.597160725
    },
    "static_1_to_3": {
      "return": -945.260827294004,
      "episode_volume": 9103310.644759145,
      "liquidity_floor": 0.0,
      "final_liquidity": 0.0,
      "mean_liquidity": 23978.047955810787,
      "low_liquidity_steps": 219.5,
      "max_drawdown": 0.9613357564649163,
      "final_token_price": 0.05039294878699639,
      "mean_action_oscillation": 5.952429048539626e-05,
      "total_unmet_demand": 14164750.452603769
    },
    "ppo_vs_static_delta_pct": {
      "episode_volume": 25.892706803958227,
      "mean_liquidity": 222.78461920094927,
      "low_liquidity_steps": 25.216400911161728,
      "max_drawdown": -0.34103240785599037,
      "total_unmet_demand": 36.250923534619375
    }
  },
  "cloudy_supply_drop": {
    "ppo_leader": {
      "return": -831.3411628276175,
      "episode_volume": 10008384.131200721,
      "liquidity_floor": 0.0,
      "final_liquidity": 0.0,
      "mean_liquidity": 64340.89465701501,
      "low_liquidity_steps": 198.45,
      "max_drawdown": 0.9646154863779675,
      "final_token_price": 0.050944030508548475,
      "mean_action_oscillation": 0.030030929117596576,
      "total_unmet_demand": 10459221.46085338
    },
    "static_1_to_3": {
      "return": -970.1515452264446,
      "episode_volume": 7954050.95547647,
      "liquidity_floor": 0.0,
      "final_liquidity": 0.0,
      "mean_liquidity": 21018.17959347217,
      "low_liquidity_steps": 241.15,
      "max_drawdown": 0.9613357564649163,
      "final_token_price": 0.05039294878699639,
      "mean_action_oscillation": 5.952429048539626e-05,
      "total_unmet_demand": 15314010.141886443
    },
    "ppo_vs_static_delta_pct": {
      "episode_volume": 25.82750836301615,
      "mean_liquidity": 206.12020594304,
      "low_liquidity_steps": 17.706821480406393,
      "max_drawdown": -0.34116383282273516,
      "total_unmet_demand": 31.701615945482395
    }
  },
  "factory_demand_spike": {
    "ppo_leader": {
      "return": -823.1725322492177,
      "episode_volume": 11458625.505838731,
      "liquidity_floor": 0.0,
      "final_liquidity": 0.0,
      "mean_liquidity": 63326.53633127984,
      "low_liquidity_steps": 199.2,
      "max_drawdown": 0.9618948615987039,
      "final_token_price": 0.0509747284795435,
      "mean_action_oscillation": 0.03281729583755979,
      "total_unmet_demand": 14686190.583570465
    },
    "static_1_to_3": {
      "return": -964.1436762708557,
      "episode_volume": 9103310.644759145,
      "liquidity_floor": 0.0,
      "final_liquidity": 0.0,
      "mean_liquidity": 21018.17959347217,
      "low_liquidity_steps": 241.15,
      "max_drawdown": 0.9595264233316081,
      "final_token_price": 0.05048788575971182,
      "mean_action_oscillation": 5.952429048539626e-05,
      "total_unmet_demand": 20464505.96173618
    },
    "ppo_vs_static_delta_pct": {
      "episode_volume": 25.873168048324946,
      "mean_liquidity": 201.29410613156912,
      "low_liquidity_steps": 17.395811735434386,
      "max_drawdown": -0.24683408497206552,
      "total_unmet_demand": 28.23579220026033
    }
  },
  "oversupply": {
    "ppo_leader": {
      "return": -689.0563527320131,
      "episode_volume": 13394702.336323855,
      "liquidity_floor": 0.0,
      "final_liquidity": 0.0,
      "mean_liquidity": 291350.970455555,
      "low_liquidity_steps": 116.5,
      "max_drawdown": 0.9375258081017401,
      "final_token_price": 0.12488711897523001,
      "mean_action_oscillation": 0.05069008473724083,
      "total_unmet_demand": 6209067.325337151
    },
    "static_1_to_3": {
      "return": -894.0269783423288,
      "episode_volume": 10951569.600888336,
      "liquidity_floor": 0.0,
      "final_liquidity": 0.0,
      "mean_liquidity": 135983.18177951503,
      "low_liquidity_steps": 170.75,
      "max_drawdown": 0.9619533605365334,
      "final_token_price": 0.05036639822319838,
      "mean_action_oscillation": 5.952429048539626e-05,
      "total_unmet_demand": 10728536.164818568
    },
    "ppo_vs_static_delta_pct": {
      "episode_volume": 22.308516719259536,
      "mean_liquidity": 114.25515026406384,
      "low_liquidity_steps": 31.771595900439237,
      "max_drawdown": 2.5393697279843854,
      "total_unmet_demand": 42.12568024239723
    }
  },
  "demand_collapse": {
    "ppo_leader": {
      "return": -742.2984680696572,
      "episode_volume": 11214756.531458762,
      "liquidity_floor": 0.0,
      "final_liquidity": 0.0,
      "mean_liquidity": 185892.0322440925,
      "low_liquidity_steps": 122.15,
      "max_drawdown": 0.9663417290618556,
      "final_token_price": 0.05158258910647008,
      "mean_action_oscillation": 0.04682988353349953,
      "total_unmet_demand": 6452885.2873888
    },
    "static_1_to_3": {
      "return": -924.2218329391623,
      "episode_volume": 9103310.644759145,
      "liquidity_floor": 0.0,
      "final_liquidity": 0.0,
      "mean_liquidity": 94422.78137795709,
      "low_liquidity_steps": 171.7,
      "max_drawdown": 0.9627597128509734,
      "final_token_price": 0.05031741569680798,
      "mean_action_oscillation": 5.952429048539626e-05,
      "total_unmet_demand": 10765519.322178062
    },
    "ppo_vs_static_delta_pct": {
      "episode_volume": 23.194263813409407,
      "mean_liquidity": 96.87201492190827,
      "low_liquidity_steps": 28.85847408270238,
      "max_drawdown": -0.37205713565588616,
      "total_unmet_demand": 40.05969341306925
    }
  },
  "token_volatility": {
    "ppo_leader": {
      "return": -794.955572916396,
      "episode_volume": 11460530.503167577,
      "liquidity_floor": 0.0,
      "final_liquidity": 0.0,
      "mean_liquidity": 77348.6731243217,
      "low_liquidity_steps": 164.2,
      "max_drawdown": 0.9646142229427692,
      "final_token_price": 0.05095149902598363,
      "mean_action_oscillation": 0.031803237536500786,
      "total_unmet_demand": 9033011.435492938
    },
    "static_1_to_3": {
      "return": -945.260827294004,
      "episode_volume": 9103310.644759145,
      "liquidity_floor": 0.0,
      "final_liquidity": 0.0,
      "mean_liquidity": 23978.047955810787,
      "low_liquidity_steps": 219.5,
      "max_drawdown": 0.9613357564649163,
      "final_token_price": 0.05039294878699639,
      "mean_action_oscillation": 5.952429048539626e-05,
      "total_unmet_demand": 14164750.452603769
    },
    "ppo_vs_static_delta_pct": {
      "episode_volume": 25.894094471723918,
      "mean_liquidity": 222.58119287636666,
      "low_liquidity_steps": 25.193621867881554,
      "max_drawdown": -0.34103240785599037,
      "total_unmet_demand": 36.22894052586371
    }
  },
  "mixed_shock": {
    "ppo_leader": {
      "return": -850.2465566413377,
      "episode_volume": 9960150.702764375,
      "liquidity_floor": 0.0,
      "final_liquidity": 0.0,
      "mean_liquidity": 63219.52271591018,
      "low_liquidity_steps": 199.45,
      "max_drawdown": 0.9620170839044035,
      "final_token_price": 0.05097578375163173,
      "mean_action_oscillation": 0.03129644051937032,
      "total_unmet_demand": 15912264.565529004
    },
    "static_1_to_3": {
      "return": -983.8751994646931,
      "episode_volume": 7914478.680619793,
      "liquidity_floor": 0.0,
      "final_liquidity": 0.0,
      "mean_liquidity": 21018.17959347217,
      "low_liquidity_steps": 241.15,
      "max_drawdown": 0.9596093062981919,
      "final_token_price": 0.050498026182203705,
      "mean_action_oscillation": 5.952429048539626e-05,
      "total_unmet_demand": 21257006.886606663
    },
    "ppo_vs_static_delta_pct": {
      "episode_volume": 25.847211227617876,