{
  "ppo_leader": {
    "return": -789.2298956587928,
    "episode_volume": 11279650.555744879,
    "liquidity_floor": 0.0,
    "final_liquidity": 0.0,
    "mean_liquidity": 117553.7257591656,
    "low_liquidity_steps": 166.3,
    "max_drawdown": 0.9602319164186014,
    "final_token_price": 0.06160960698191301,
    "mean_action_oscillation": 0.03647158205094294,
    "total_unmet_demand": 10254648.322190352
  },
  "static_1_to_3": {
    "return": -946.7058409759276,
    "episode_volume": 9033334.54514588,
    "liquidity_floor": 0.0,
    "final_liquidity": 0.0,
    "mean_liquidity": 48773.79969278717,
    "low_liquidity_steps": 214.9857142857143,
    "max_drawdown": 0.961122296058865,
    "final_token_price": 0.050406938888987285,
    "mean_action_oscillation": 5.952429048539629e-05,
    "total_unmet_demand": 15265582.768919064
  },
  "ppo_vs_static_delta_pct": {
    "episode_volume": 24.866963571121925,
    "liquidity_floor": 0.0,
    "mean_liquidity": 141.0181829170669,
    "low_liquidity_steps": 22.6460229915609,
    "max_drawdown": 0.09263957811765136,
    "total_unmet_demand": 32.8250452182608
  }
}