{
  "ppo_leader": {
    "return": -854.2037521488041,
    "episode_volume": 11191171.026663413,
    "liquidity_floor": 0.0,
    "final_liquidity": 0.0,
    "mean_liquidity": 119713.11508350173,
    "low_liquidity_steps": 175.47857142857143,
    "max_drawdown": 0.9622760241790453,
    "final_token_price": 0.0514562530627256,
    "mean_action_oscillation": 0.05431198269069034,
    "total_unmet_demand": 11749729.352713166
  },
  "static_1_to_3": {
    "return": -946.7058409759276,
    "episode_volume": 9033334.54514588,
    "liquidity_floor": 0.0,
    "final_liquidity": 0.0,
    "mean_liquidity": 48773.79969278717,
    "low_liquidity_steps": 214.9857142857143,
    "max_drawdown": 0.961122296058865,
    "final_token_price": 0.050406938888987285,
    "mean_action_oscillation": 5.952429048539629e-05,
    "total_unmet_demand": 15265582.768919064
  },
  "ppo_vs_static_delta_pct": {
    "episode_volume": 23.887485520804272,
    "liquidity_floor": 0.0,
    "mean_liquidity": 145.44553805022758,
    "low_liquidity_steps": 18.376636321350258,
    "max_drawdown": -0.12003967912421307,
    "total_unmet_demand": 23.031242694279737
  }
}