{
  "ppo_leader": {
    "return": -882.8304509535411,
    "episode_volume": 11341837.062035091,
    "liquidity_floor": 0.0,
    "final_liquidity": 0.0,
    "mean_liquidity": 107023.41266137295,
    "low_liquidity_steps": 180.95,
    "max_drawdown": 0.961348906985806,
    "final_token_price": 0.050571048932967724,
    "mean_action_oscillation": 0.010920352209807027,
    "total_unmet_demand": 13332644.107953342
  },
  "static_1_to_3": {
    "return": -946.7058409759276,
    "episode_volume": 9033334.54514588,
    "liquidity_floor": 0.0,
    "final_liquidity": 0.0,
    "mean_liquidity": 48773.79969278717,
    "low_liquidity_steps": 214.9857142857143,
    "max_drawdown": 0.961122296058865,
    "final_token_price": 0.050406938888987285,
    "mean_action_oscillation": 5.952429048539629e-05,
    "total_unmet_demand": 15265582.768919064
  },
  "ppo_vs_static_delta_pct": {
    "episode_volume": 25.55537498751997,
    "liquidity_floor": 0.0,
    "mean_liquidity": 119.4280809276377,
    "low_liquidity_steps": 15.83161671871886,
    "max_drawdown": -0.023577741133486863,
    "total_unmet_demand": 12.66206924573631
  }
}