{
  "ppo_leader": {
    "return": -910.9352062627513,
    "episode_volume": 10787631.532809943,
    "liquidity_floor": 0.0,
    "final_liquidity": 0.0,
    "mean_liquidity": 85030.60092871492,
    "low_liquidity_steps": 188.02857142857144,
    "max_drawdown": 0.9612169466073236,
    "final_token_price": 0.050571035254085794,
    "mean_action_oscillation": 0.04112066718650004,
    "total_unmet_demand": 13886546.661412526
  },
  "static_1_to_3": {
    "return": -946.7058409759276,
    "episode_volume": 9033334.54514588,
    "liquidity_floor": 0.0,
    "final_liquidity": 0.0,
    "mean_liquidity": 48773.79969278717,
    "low_liquidity_steps": 214.9857142857143,
    "max_drawdown": 0.961122296058865,
    "final_token_price": 0.050406938888987285,
    "mean_action_oscillation": 5.952429048539629e-05,
    "total_unmet_demand": 15265582.768919064
  },
  "ppo_vs_static_delta_pct": {
    "episode_volume": 19.420259250851558,
    "liquidity_floor": 0.0,
    "mean_liquidity": 74.33663455441123,
    "low_liquidity_steps": 12.539039138813207,
    "max_drawdown": -0.009847919338330364,
    "total_unmet_demand": 9.033628970354634
  }
}