{
  "ppo_leader": {
    "return": -728.0893518911525,
    "episode_volume": 11339796.6752495,
    "liquidity_floor": 0.0,
    "final_liquidity": 0.0,
    "mean_liquidity": 141704.66194701585,
    "low_liquidity_steps": 157.4142857142857,
    "max_drawdown": 0.948829971137167,
    "final_token_price": 0.15080472631264205,
    "mean_action_oscillation": 0.0412139647437166,
    "total_unmet_demand": 9635098.018001877
  },
  "static_1_to_3": {
    "return": -946.7058409759276,
    "episode_volume": 9033334.54514588,
    "liquidity_floor": 0.0,
    "final_liquidity": 0.0,
    "mean_liquidity": 48773.79969278717,
    "low_liquidity_steps": 214.9857142857143,
    "max_drawdown": 0.961122296058865,
    "final_token_price": 0.050406938888987285,
    "mean_action_oscillation": 5.952429048539629e-05,
    "total_unmet_demand": 15265582.768919064
  },
  "ppo_vs_static_delta_pct": {
    "episode_volume": 25.53278768296046,
    "liquidity_floor": 0.0,
    "mean_liquidity": 190.53439108614617,
    "low_liquidity_steps": 26.779187985912692,
    "max_drawdown": 1.278955339201194,
    "total_unmet_demand": 36.88352312615887
  }
}