{
  "ppo_leader": {
    "return": -898.9100516540575,
    "episode_volume": 11025222.318204254,
    "liquidity_floor": 0.0,
    "final_liquidity": 0.0,
    "mean_liquidity": 95753.37249025944,
    "low_liquidity_steps": 184.15714285714284,
    "max_drawdown": 0.9613373883220845,
    "final_token_price": 0.05057104072541211,
    "mean_action_oscillation": 0.042709208747832655,
    "total_unmet_demand": 13614662.834298706
  },
  "static_1_to_3": {
    "return": -946.7058409759276,
    "episode_volume": 9033334.54514588,
    "liquidity_floor": 0.0,
    "final_liquidity": 0.0,
    "mean_liquidity": 48773.79969278717,
    "low_liquidity_steps": 214.9857142857143,
    "max_drawdown": 0.961122296058865,
    "final_token_price": 0.050406938888987285,
    "mean_action_oscillation": 5.952429048539629e-05,
    "total_unmet_demand": 15265582.768919064
  },
  "ppo_vs_static_delta_pct": {
    "episode_volume": 22.050415193896775,
    "liquidity_floor": 0.0,
    "mean_liquidity": 96.32133049584768,
    "low_liquidity_steps": 14.339823244069382,
    "max_drawdown": -0.022379281398576617,
    "total_unmet_demand": 10.814653849846163
  }
}