{
  "ppo_leader": {
    "return": -730.4903432329495,
    "episode_volume": 11345359.813146826,
    "liquidity_floor": 0.0,
    "final_liquidity": 0.0,
    "mean_liquidity": 171447.3098411379,
    "low_liquidity_steps": 155.17142857142858,
    "max_drawdown": 0.9419262598631454,
    "final_token_price": 0.668213129196263,
    "mean_action_oscillation": 0.0176776879086129,
    "total_unmet_demand": 9888672.039709061
  },
  "static_1_to_3": {
    "return": -946.7058617644424,
    "episode_volume": 9033333.829309681,
    "liquidity_floor": 0.0,
    "final_liquidity": 0.0,
    "mean_liquidity": 48773.78367900835,
    "low_liquidity_steps": 214.9857142857143,
    "max_drawdown": 0.9611222960858137,
    "final_token_price": 0.05040693884061948,
    "mean_action_oscillation": 5.9523891347150026e-05,
    "total_unmet_demand": 15265583.484755265
  },
  "ppo_vs_static_delta_pct": {
    "episode_volume": 25.594382179650136,
    "liquidity_floor": 0.0,
    "mean_liquidity": 251.5152955314532,
    "low_liquidity_steps": 27.82244667419762,
    "max_drawdown": 1.9972522020188765,
    "total_unmet_demand": 35.222443022998576
  }
}