{
  "ppo_leader": {
    "return": -883.5345493222619,
    "episode_volume": 11177318.642399171,
    "liquidity_floor": 0.0,
    "final_liquidity": 0.0,
    "mean_liquidity": 105113.36611960805,
    "low_liquidity_steps": 179.82142857142858,
    "max_drawdown": 0.9613238374852561,
    "final_token_price": 0.05072974906834546,
    "mean_action_oscillation": 0.04745003660148729,
    "total_unmet_demand": 12862633.750058774
  },
  "static_1_to_3": {
    "return": -946.7058409759276,
    "episode_volume": 9033334.54514588,
    "liquidity_floor": 0.0,
    "final_liquidity": 0.0,
    "mean_liquidity": 48773.79969278717,
    "low_liquidity_steps": 214.9857142857143,
    "max_drawdown": 0.961122296058865,
    "final_token_price": 0.050406938888987285,
    "mean_action_oscillation": 5.952429048539629e-05,
    "total_unmet_demand": 15265582.768919064
  },
  "ppo_vs_static_delta_pct": {
    "episode_volume": 23.734138114096243,
    "liquidity_floor": 0.0,
    "mean_liquidity": 115.51194859061299,
    "low_liquidity_steps": 16.356568542760314,
    "max_drawdown": -0.020969384147833486,
    "total_unmet_demand": 15.740958306241193
  }
}