{
  "ppo_leader": {
    "return": -785.1265085852821,
    "episode_volume": 11175615.921171673,
    "liquidity_floor": 0.0,
    "final_liquidity": 0.0,
    "mean_liquidity": 125597.29890830147,
    "low_liquidity_steps": 162.97142857142856,
    "max_drawdown": 0.9570922239155619,
    "final_token_price": 0.06670496924286187,
    "mean_action_oscillation": 0.06799137933083398,
    "total_unmet_demand": 9932937.341686372
  },
  "static_1_to_3": {
    "return": -946.7058409759276,
    "episode_volume": 9033334.54514588,
    "liquidity_floor": 0.0,
    "final_liquidity": 0.0,
    "mean_liquidity": 48773.79969278717,
    "low_liquidity_steps": 214.9857142857143,
    "max_drawdown": 0.961122296058865,
    "final_token_price": 0.050406938888987285,
    "mean_action_oscillation": 5.952429048539629e-05,
    "total_unmet_demand": 15265582.768919064
  },
  "ppo_vs_static_delta_pct": {
    "episode_volume": 23.715288804143324,
    "liquidity_floor": 0.0,
    "mean_liquidity": 157.50976897310545,
    "low_liquidity_steps": 24.19429862449333,
    "max_drawdown": 0.41930898490531543,
    "total_unmet_demand": 34.932472005523636
  }
}