{
  "ppo_leader": {
    "return": -725.0067896552714,
    "episode_volume": 11370876.327508597,
    "liquidity_floor": 0.0,
    "final_liquidity": 0.0,
    "mean_liquidity": 165329.88895272382,
    "low_liquidity_steps": 155.27142857142857,
    "max_drawdown": 0.9426803468920025,
    "final_token_price": 0.4864733658071073,
    "mean_action_oscillation": 0.03334931647303251,
    "total_unmet_demand": 9432063.343428303
  },
  "static_1_to_3": {
    "return": -946.7058409759276,
    "episode_volume": 9033334.54514588,
    "liquidity_floor": 0.0,
    "final_liquidity": 0.0,
    "mean_liquidity": 48773.79969278717,
    "low_liquidity_steps": 214.9857142857143,
    "max_drawdown": 0.961122296058865,
    "final_token_price": 0.050406938888987285,
    "mean_action_oscillation": 5.952429048539629e-05,
    "total_unmet_demand": 15265582.768919064
  },
  "ppo_vs_static_delta_pct": {
    "episode_volume": 25.876842827865918,
    "liquidity_floor": 0.0,
    "mean_liquidity": 238.97274765159077,
    "low_liquidity_steps": 27.77593195561167,
    "max_drawdown": 1.9187931902615007,
    "total_unmet_demand": 38.213539003357845
  }
}