{
  "ppo_leader": {
    "return": -898.4439418260799,
    "episode_volume": 11051054.556691876,
    "liquidity_floor": 0.0,
    "final_liquidity": 0.0,
    "mean_liquidity": 93350.5301772017,
    "low_liquidity_steps": 184.10714285714286,
    "max_drawdown": 0.9613373823091582,
    "final_token_price": 0.05057104485999524,
    "mean_action_oscillation": 0.032486991432017664,
    "total_unmet_demand": 13638704.93733594
  },
  "static_1_to_3": {
    "return": -946.7058409759276,
    "episode_volume": 9033334.54514588,
    "liquidity_floor": 0.0,
    "final_liquidity": 0.0,
    "mean_liquidity": 48773.79969278717,
    "low_liquidity_steps": 214.9857142857143,
    "max_drawdown": 0.961122296058865,
    "final_token_price": 0.050406938888987285,
    "mean_action_oscillation": 5.952429048539629e-05,
    "total_unmet_demand": 15265582.768919064
  },
  "ppo_vs_static_delta_pct": {
    "episode_volume": 22.336380895250137,
    "liquidity_floor": 0.0,
    "mean_liquidity": 91.39482829960177,
    "low_liquidity_steps": 14.36308060336235,
    "max_drawdown": -0.022378655783470956,
    "total_unmet_demand": 10.657161644005294
  }
}