{
  "ppo_leader": {
    "return": -883.400955309462,
    "episode_volume": 11344588.631352773,
    "liquidity_floor": 0.0,
    "final_liquidity": 0.0,
    "mean_liquidity": 107559.44301798829,
    "low_liquidity_steps": 180.92857142857142,
    "max_drawdown": 0.9613562491204765,
    "final_token_price": 0.050571047860317,
    "mean_action_oscillation": 0.012167491918042438,
    "total_unmet_demand": 13349237.029660057
  },
  "static_1_to_3": {
    "return": -946.7058409759276,
    "episode_volume": 9033334.54514588,
    "liquidity_floor": 0.0,
    "final_liquidity": 0.0,
    "mean_liquidity": 48773.79969278717,
    "low_liquidity_steps": 214.9857142857143,
    "max_drawdown": 0.961122296058865,
    "final_token_price": 0.050406938888987285,
    "mean_action_oscillation": 5.952429048539629e-05,
    "total_unmet_demand": 15265582.768919064
  },
  "ppo_vs_static_delta_pct": {
    "episode_volume": 25.58583516038227,
    "liquidity_floor": 0.0,
    "mean_liquidity": 120.52709384029093,
    "low_liquidity_steps": 15.841584158415852,
    "max_drawdown": -0.024341653769846414,
    "total_unmet_demand": 12.553374268558635
  }
}