{
  "ppo_leader": {
    "return": -730.2182481474515,
    "episode_volume": 11347499.139768722,
    "liquidity_floor": 0.0,
    "final_liquidity": 0.0,
    "mean_liquidity": 171595.35412930773,
    "low_liquidity_steps": 155.10714285714286,
    "max_drawdown": 0.9418536254867279,
    "final_token_price": 0.6748307792504876,
    "mean_action_oscillation": 0.018462926259342746,
    "total_unmet_demand": 9863697.677069398
  },
  "static_1_to_3": {
    "return": -946.7058409759276,
    "episode_volume": 9033334.54514588,
    "liquidity_floor": 0.0,
    "final_liquidity": 0.0,
    "mean_liquidity": 48773.79969278717,
    "low_liquidity_steps": 214.9857142857143,
    "max_drawdown": 0.961122296058865,
    "final_token_price": 0.050406938888987285,
    "mean_action_oscillation": 5.952429048539629e-05,
    "total_unmet_demand": 15265582.768919064
  },
  "ppo_vs_static_delta_pct": {
    "episode_volume": 25.618054806421092,
    "liquidity_floor": 0.0,
    "mean_liquidity": 251.81871252627425,
    "low_liquidity_steps": 27.85234899328859,
    "max_drawdown": 2.0048094452859275,
    "total_unmet_demand": 35.38603912880403
  }
}