{
  "static_1_to_3": {
    "return": -338.2522481075238,
    "episode_volume": 8085313.155069356,
    "liquidity_floor": 0.0,
    "final_liquidity": 0.0,
    "mean_liquidity": 35923.797416347115,
    "low_liquidity_steps": 233.85714285714286,
    "max_drawdown": 0.9654871555441223,
    "final_token_price": 0.05121787056324539,
    "mean_action_oscillation": 5.952366960367986e-05,
    "total_unmet_demand": 15743588.728012592
  }
}