{
  "ppo_leader": {
    "return": -2157.7393021685807,
    "episode_volume": 10872592.840881638,
    "liquidity_floor": 0.0,
    "final_liquidity": 0.0,
    "mean_liquidity": 88404.65560251598,
    "low_liquidity_steps": 187.02142857142857,
    "max_drawdown": 0.9613000121324144,
    "final_token_price": 0.050571000988306254,
    "mean_action_oscillation": 0.04289643036968651,
    "total_unmet_demand": 13815580.184335856
  },
  "static_1_to_3": {
    "return": -2211.607075915652,
    "episode_volume": 9033334.54514588,
    "liquidity_floor": 0.0,
    "final_liquidity": 0.0,
    "mean_liquidity": 48773.79969278717,
    "low_liquidity_steps": 214.9857142857143,
    "max_drawdown": 0.961122296058865,
    "final_token_price": 0.050406938888987285,
    "mean_action_oscillation": 5.952429048539629e-05,
    "total_unmet_demand": 15265582.768919064
  },
  "ppo_vs_static_delta_pct": {
    "episode_volume": 20.360790210344806,
    "liquidity_floor": 0.0,
    "mean_liquidity": 81.2543951042419,
    "low_liquidity_steps": 13.007508804571737,
    "max_drawdown": -0.018490474550239163,
    "total_unmet_demand": 9.498507895390887
  }
}