{
  "ppo_leader": {
    "return": -1821.3998879654323,
    "episode_volume": 10947438.67039969,
    "liquidity_floor": 0.0,
    "final_liquidity": 0.0,
    "mean_liquidity": 92220.10265604706,
    "low_liquidity_steps": 185.32142857142858,
    "max_drawdown": 0.9613180775613581,
    "final_token_price": 0.05057094680790751,
    "mean_action_oscillation": 0.04367162855632562,
    "total_unmet_demand": 13735318.468081145
  },
  "static_1_to_3": {
    "return": -1873.8869511952457,
    "episode_volume": 9033334.54514588,
    "liquidity_floor": 0.0,
    "final_liquidity": 0.0,
    "mean_liquidity": 48773.79969278717,
    "low_liquidity_steps": 214.9857142857143,
    "max_drawdown": 0.961122296058865,
    "final_token_price": 0.050406938888987285,
    "mean_action_oscillation": 5.952429048539629e-05,
    "total_unmet_demand": 15265582.768919064
  },
  "ppo_vs_static_delta_pct": {
    "episode_volume": 21.189341717476474,
    "liquidity_floor": 0.0,
    "mean_liquidity": 89.07713411076494,
    "low_liquidity_steps": 13.798259020532925,
    "max_drawdown": -0.02037009268184928,
    "total_unmet_demand": 10.024276989631593
  }
}