{
  "ppo_leader": {
    "return": -879.1071069906478,
    "episode_volume": 11235183.183787564,
    "liquidity_floor": 0.0,
    "final_liquidity": 0.0,
    "mean_liquidity": 106014.25602170026,
    "low_liquidity_steps": 179.0857142857143,
    "max_drawdown": 0.9613377656172282,
    "final_token_price": 0.05073208749462214,
    "mean_action_oscillation": 0.03485851334355323,
    "total_unmet_demand": 12806138.604390314
  },
  "static_1_to_3": {
    "return": -946.7058409759276,
    "episode_volume": 9033334.54514588,
    "liquidity_floor": 0.0,
    "final_liquidity": 0.0,
    "mean_liquidity": 48773.79969278717,
    "low_liquidity_steps": 214.9857142857143,
    "max_drawdown": 0.961122296058865,
    "final_token_price": 0.050406938888987285,
    "mean_action_oscillation": 5.952429048539629e-05,
    "total_unmet_demand": 15265582.768919064
  },
  "ppo_vs_static_delta_pct": {
    "episode_volume": 24.37470490700315,
    "liquidity_floor": 0.0,
    "mean_liquidity": 117.35902613586612,
    "low_liquidity_steps": 16.698783972356967,
    "max_drawdown": -0.022418537083855196,
    "total_unmet_demand": 16.111040120500423
  }
}