{
  "ppo_leader": {
    "return": -882.125008060356,
    "episode_volume": 11346572.483251289,
    "liquidity_floor": 0.0,
    "final_liquidity": 0.0,
    "mean_liquidity": 107388.32486971523,
    "low_liquidity_steps": 180.9,
    "max_drawdown": 0.9613519691662128,
    "final_token_price": 0.05057105887249707,
    "mean_action_oscillation": 0.010293850647043617,
    "total_unmet_demand": 13309813.48469643
  },
  "static_1_to_3": {
    "return": -946.7058409759276,
    "episode_volume": 9033334.54514588,
    "liquidity_floor": 0.0,
    "final_liquidity": 0.0,
    "mean_liquidity": 48773.79969278717,
    "low_liquidity_steps": 214.9857142857143,
    "max_drawdown": 0.961122296058865,
    "final_token_price": 0.050406938888987285,
    "mean_action_oscillation": 5.952429048539629e-05,
    "total_unmet_demand": 15265582.768919064
  },
  "ppo_vs_static_delta_pct": {
    "episode_volume": 25.60779661756733,
    "liquidity_floor": 0.0,
    "mean_liquidity": 120.1762535339156,
    "low_liquidity_steps": 15.854874078011829,
    "max_drawdown": -0.023896345791744752,
    "total_unmet_demand": 12.811625431061875
  }
}