{
  "ppo_leader": {
    "return": -899.4760363018537,
    "episode_volume": 10978404.894189885,
    "liquidity_floor": 0.0,
    "final_liquidity": 0.0,
    "mean_liquidity": 93208.16937956397,
    "low_liquidity_steps": 184.82142857142858,
    "max_drawdown": 0.9612946065449434,
    "final_token_price": 0.05057109000114861,
    "mean_action_oscillation": 0.040464394378242584,
    "total_unmet_demand": 13594689.612714468
  },
  "static_1_to_3": {
    "return": -946.7058409759276,
    "episode_volume": 9033334.54514588,
    "liquidity_floor": 0.0,
    "final_liquidity": 0.0,
    "mean_liquidity": 48773.79969278717,
    "low_liquidity_steps": 214.9857142857143,
    "max_drawdown": 0.961122296058865,
    "final_token_price": 0.050406938888987285,
    "mean_action_oscillation": 5.952429048539629e-05,
    "total_unmet_demand": 15265582.768919064
  },
  "ppo_vs_static_delta_pct": {
    "episode_volume": 21.53214119684298,
    "liquidity_floor": 0.0,
    "mean_liquidity": 91.10294864590568,
    "low_liquidity_steps": 14.030832613462687,
    "max_drawdown": -0.01792805002910886,
    "total_unmet_demand": 10.945492101399218
  }
}